,Year,Company Name,ESG_DISCLOSURE_SCORE,ENVIRON_DISCLOSURE_SCORE,SOCIAL_DISCLOSURE_SCORE,GOVNCE_DISCLOSURE_SCORE,RETURN_ON_ASSET,RETURN_COM_EQY,BS_TOT_ASSET,FNCL_LVRG,PX_TO_BOOK_RATIO,Firm size
0,2003,RELIANCE,41.6009,39.4219,13.867,73.7754,6.6316,13.6836,640376.5,2.0634,1.2642,13.369811563616274
1,2004,RELIANCE,42.3817,39.8496,14.1272,74.5482,7.6018,15.7704,719554.1,2.0745,2.1456,13.486386993587784
2,2005,RELIANCE,43.1625,40.2773,14.3875,75.321,9.9542,20.045,813106.1,2.0137,1.8517,13.608616884320044
3,2006,RELIANCE,37.5214,32.5883,12.5071,68.0012,10.549,20.4039,968714.7,1.9342,2.172,13.783725420276111
4,2007,RELIANCE,42.9735,40.2597,14.3245,71.4931,6.5517,13.459,1480934.9,2.0543,2.7991,14.208184135497852
5,2008,RELIANCE,43.4966,40.2597,14.4989,71.4931,17.6519,25.397,730881.8,1.4388,3.8518,13.50200702935123
6,2009,RELIANCE,50.8601,47.0251,16.9534,86.7851,9.38,14.4788,2460753.8,1.5436,1.7289,14.715978283734906
7,2010,RELIANCE,48.6068,40.2597,16.2023,86.7851,9.6942,18.6862,2594451.9,1.9276,2.2688,14.768885838400502
8,2011,RELIANCE,48.6068,40.2597,16.2023,86.7851,6.806,13.0758,3075190.0,1.9212,2.0294,14.938877245931803
9,2012,RELIANCE,49.1902,38.8402,16.3967,86.7851,6.2151,12.1924,3271910.0,1.9617,1.3195,15.000884470214006
10,2013,RELIANCE,49.7737,45.6056,16.5912,81.7881,6.0559,11.8799,3623570.0,1.9617,1.2466,15.102970285683499
11,2014,RELIANCE,50.9003,45.6056,16.9668,81.7881,5.6858,11.8154,4288430.0,2.078,1.377,15.271431256555832
12,2015,RELIANCE,57.4188,60.2235,19.1396,82.36,5.0499,11.2976,5044860.0,2.2372,1.1127,15.433880461137031
13,2016,RELIANCE,56.7448,58.1999,18.9149,82.36,5.3911,13.2184,5989970.0,2.4519,1.3307,15.605596961731845
14,2017,RELIANCE,49.492,36.8167,16.4973,82.36,4.5604,12.0747,7123390.0,2.6477,1.4821,15.77889429367279
15,2018,RELIANCE,58.0525,58.1999,19.3508,84.8585,4.7197,12.9483,8163480.0,2.7434,1.781,15.91518110661579
16,2019,RELIANCE,50.6287,44.0652,16.8762,84.8585,4.3533,11.633,10024060.0,2.6722,2.0868,16.120498761174606
17,2020,RELIANCE,50.6187,37.2999,16.8729,84.8585,3.6299,9.3651,11659150.0,2.58,1.5574,16.271601837430058
18,2021,RELIANCE,51.6648,40.441,17.2216,84.8585,3.9506,8.5181,13212120.0,2.1562,1.9345,16.396645148103705
19,2022,RELIANCE,56.946,46.0888,18.982,89.8555,4.304,8.2053,14996650.0,1.9064,2.287,16.52333740079055
20,2023,RELIANCE,56.946,46.0888,18.982,89.8555,4.2935,8.9212,16074310.0,2.0778,2.2032,16.592732903371992
504,2003,ONGC,29.8624,15.7203,9.9541,53.3738,20.3409,31.8528,573850.31,1.5659,1.4144,13.260123857319526
505,2004,ONGC,30.8662,17.0349,10.2887,54.2212,14.7794,24.2978,695517.15,1.644,2.8988,13.452410948560669
506,2005,ONGC,31.8701,18.3494,10.6234,55.0685,19.3052,31.878,789989.33,1.6513,2.5964,13.579774718022879
507,2006,ONGC,32.874,19.664,10.958,55.9159,17.906,29.2208,929838.71,1.6319,3.2939,13.742766419981171
508,2007,ONGC,33.8779,20.9786,11.2926,56.7632,17.4448,28.781,1107392.74,1.6498,2.8239,13.91751892745282
509,2008,ONGC,25.8928,13.1078,8.6309,50.4816,16.8339,27.4478,1253585.36,1.6305,2.6858,14.041518291589451
510,2009,ONGC,26.4963,13.1078,8.8321,50.4816,14.1305,23.2462,1548197.45,1.6451,1.8095,14.252601876677373
511,2010,ONGC,36.9681,29.0547,12.3227,56.7429,12.0481,20.0419,1672811.2,1.6635,2.3174,14.330016122435218
512,2011,ONGC,42.7623,34.7327,14.2541,56.7429,12.4634,20.7221,1930688.69,1.6626,2.161,14.473387331427778
513,2012,ONGC,45.7097,36.1522,15.2366,69.2655,13.236,22.3569,2321888.67,1.6891,1.6827,14.657891494354105
514,2013,ONGC,45.4984,28.209,15.1661,72.3961,9.9692,16.7547,2534606.42,1.6806,1.7467,14.745548924570947
515,2014,ONGC,42.6215,32.1353,14.2072,59.8736,9.1766,16.3278,3242383.17,1.7793,1.5839,14.991819163683209
516,2015,ONGC,44.1807,21.9873,14.7269,69.2655,5.5344,10.3989,3382921.24,1.879,1.4524,15.034250166380398
517,2016,ONGC,39.8551,20.5678,13.285,69.2655,3.7819,6.8075,3425856.28,1.8,0.926,15.046862007190605
518,2017,ONGC,50.6891,51.9178,16.8964,69.2655,6.1979,12.4525,4453974.78,2.0091,1.2214,15.30930746445742
519,2018,ONGC,51.5542,51.9178,17.1847,69.2655,4.8819,11.0972,4602349.35,2.2731,1.1184,15.342077459342905
520,2019,ONGC,47.7618,41.7699,15.9206,69.8374,6.4072,14.5128,4932590.1,2.2651,0.9264,15.411374783311162
521,2020,ONGC,45.418,34.9441,15.1393,69.8374,2.1537,5.1197,5100176.14,2.3772,0.4189,15.444785634353059
522,2021,ONGC,43.5369,34.9441,14.5123,63.5762,3.0959,7.6531,5432787.53,2.472,0.5815,15.507962917461752
523,2022,ONGC,44.8144,34.9441,14.9381,63.5762,8.0665,18.9484,5853902.88,2.349,0.7946,15.582619155730784
524,2023,ONGC,44.8144,34.9441,14.9381,63.5762,5.9071,13.1225,6145287.26,2.2215,0.6771,15.631196046838406
735,2003,COAL,13.787,-12.8135,4.5957,67.6841,11.9054,20.9852,123229.6147,1.7283,8.5488,11.721804680253582
736,2004,COAL,15.2776,-11.0826,5.0925,67.5735,11.875,22.5223,208547.0102,1.878,8.2827,12.247919763391904
737,2005,COAL,16.7682,-9.3517,5.5894,67.4629,11.8446,24.0593,293864.4056,2.0277,8.0165,12.5908737344907
738,2006,COAL,18.2588,-7.6208,6.0863,67.3522,11.8142,25.5963,391492.17,2.1774,7.7503,12.877720794212992
739,2007,COAL,19.7494,-5.8899,6.5831,67.2416,10.2512,27.6056,428953.63,2.6929,7.4841,12.969104103490075
740,2008,COAL,21.24,-4.159,7.08,67.131,9.1462,25.6481,508049.91,2.8042,7.218,13.138334969766094
741,2009,COAL,22.7306,-2.4281,7.5769,67.0204,7.1826,22.441,623247.14,3.1244,6.9518,13.342698412526499
742,2010,COAL,24.5448,0.0,8.1816,68.0012,14.4546,42.9541,708151.076,2.9716,6.6856,13.470412734093482
743,2011,COAL,24.0821,0.0,8.0274,62.4624,13.8721,36.7703,858646.0,2.6507,6.5696,13.663112008925644
744,2012,COAL,25.933,0.0,8.6443,68.0012,15.3364,40.0942,1069862.6,2.6143,5.3697,13.883040786977709
745,2013,COAL,29.6348,7.8828,9.8783,68.0012,15.1882,39.0359,1215647.6,2.5702,4.0279,14.010787496875773
746,2014,COAL,25.933,7.8828,8.6443,56.9235,13.3846,33.2576,1042423.5,2.4848,4.3011,13.85705884866759
747,2015,COAL,33.387,16.3697,11.129,62.6731,12.7819,33.1733,1105414.6,2.5953,5.6804,13.915731026182623
748,2016,COAL,37.1894,8.4265,12.3965,74.8344,12.7742,37.9506,1128282.0,2.9709,5.294,13.93620667979535
749,2017,COAL,36.5657,8.4265,12.1886,69.8374,8.0471,31.2715,1178152.2,3.8861,7.4092,13.979457836885157
750,2018,COAL,36.9078,8.4265,12.3026,69.8374,5.7862,31.4947,1254706.7,5.443,8.7149,14.042412398055427
751,2019,COAL,36.9078,8.4265,12.3026,69.8374,13.5115,74.8943,1330214.5,5.543,5.5256,14.100850765389495
752,2020,COAL,39.2214,8.4265,13.0738,69.8374,11.7976,57.0333,1503274.8,4.8343,2.684,14.22315648635429
753,2021,COAL,43.1747,25.6418,14.3916,66.0747,8.1381,36.9859,1617815.7,4.5448,2.1998,14.296587464055927
754,2022,COAL,40.6297,23.9203,13.5432,60.1746,10.1502,43.5802,1802433.3,4.2935,2.6148,14.404648143295683
755,2023,COAL,40.6297,23.9203,13.5432,60.1746,14.3902,56.1127,2112066.5,3.8994,2.3001,14.563177410055017
903,2003,IOCL,11.0302,-8.7223,3.6767,48.7374,11.0528,37.6753,613892.125,3.4087,0.9315,13.32757449951119
904,2004,IOCL,13.9971,-4.1693,4.6657,50.4464,11.8225,34.5504,653453.3,2.9224,2.42,13.390026348131032
905,2005,IOCL,16.964,0.3838,5.6547,52.1554,7.6214,21.2804,781779.8125,2.7922,1.8637,13.569328410186165
906,2006,IOCL,19.6157,9.0305,6.5386,44.9428,5.9333,17.6134,942687.5,2.9686,2.2277,13.756490117510609
907,2007,IOCL,25.6513,9.0305,8.5504,63.0042,7.9301,23.4287,1041519.2,2.9544,1.2782,13.856190974462834
908,2008,IOCL,27.3212,9.0305,9.1071,68.0012,6.8711,19.7474,1261678.8,2.874,1.2179,14.047953773048185
909,2009,IOCL,26.3957,9.0305,8.7986,65.2318,1.9796,5.8332,1364568.6,2.9467,1.0162,14.126348892692738
910,2010,IOCL,27.9851,16.6717,9.3284,63.0042,7.3576,21.8711,1547582.1,2.9726,1.3687,14.252204335445404
911,2011,IOCL,28.7899,18.6349,9.5966,63.0042,4.615,14.2328,1846018.9,3.084,1.4036,14.42854193234572
912,2012,IOCL,30.6508,20.0544,10.2169,63.0042,2.0898,7.1658,2198272.2,3.4289,1.0565,14.603182246132596
913,2013,IOCL,46.8363,51.1628,15.6121,69.2655,1.9278,7.2101,2417249.8,3.74,1.0846,14.698141005607141
914,2014,IOCL,44.8446,52.9145,14.9482,50.4816,2.7921,10.8218,2658209.1,3.8759,1.0069,14.793163183332707
915,2015,IOCL,47.8825,55.7233,15.9608,51.0536,1.9665,7.1842,2337433.4,3.6532,1.3004,14.664564047760466
916,2016,IOCL,53.2341,58.1999,17.7447,63.5762,5.1676,15.1405,2315554.3,2.9299,1.0621,14.655159655286587
917,2017,IOCL,60.336,72.1232,20.112,76.0987,7.8594,20.6684,2735610.4,2.6298,1.8409,14.82186514992425
918,2018,IOCL,60.1549,72.1232,20.0516,76.0987,7.7962,20.5486,2956757.0,2.6357,1.5061,14.899603617574838
919,2019,IOCL,59.1993,58.2905,19.7331,81.0957,5.5091,15.3543,3351568.2,2.7871,1.3631,15.024938913670528
920,2020,IOCL,58.0726,54.9079,19.3575,81.0957,-0.2687,-0.8593,3297368.3,3.1986,0.8057,15.00863522342802
921,2021,IOCL,67.6089,72.1232,22.5363,87.357,6.3209,20.8827,3549159.2,3.3037,0.7732,15.082221288328952
922,2022,IOCL,64.0579,73.2105,21.3526,82.36,6.558,20.4604,4106248.5,3.1199,0.8386,15.228020395918188
923,2023,IOCL,64.0579,73.2105,21.3526,82.36,2.2976,7.167,4417620.9,3.1194,0.7873,15.301111851222533
1575,2003,GAIL,14.7467,5.1818,4.9156,40.6395,11.9343,23.8862,52688.6289,2.0593,2.7099,10.87215494084919
1576,2004,GAIL,18.4087,8.9391,6.1362,43.6552,11.7075,23.2268,97527.8211,2.0332,2.6238,11.487892960898291
1577,2005,GAIL,22.0708,12.6964,7.3569,46.6708,11.4808,22.5675,159158.8,2.0071,2.0368,11.977657724929632
1578,2006,GAIL,20.0684,12.3528,6.6895,39.404,14.5915,25.5723,175151.2,1.7525,2.6237,12.073404879872502
1579,2007,GAIL,25.088,12.3528,8.3627,54.425,12.7956,22.7319,217262.1,1.7765,1.8922,12.288859737779195
1580,2008,GAIL,25.7721,14.4065,8.5907,54.425,11.8619,21.9337,251954.2,1.8491,2.6547,12.437002603944004
1581,2009,GAIL,28.8703,19.5409,9.6234,54.425,10.3555,19.5234,293912.7,1.8853,2.0229,12.591038063450261
1582,2010,GAIL,43.2653,42.7363,14.4218,57.4654,10.1951,20.0406,358919.1,1.9657,2.9244,12.790852293886282
1583,2011,GAIL,51.7855,43.0686,17.2618,66.4961,10.5754,20.6078,401520.0,1.9487,2.7745,12.903012624328815
1584,2012,GAIL,50.1459,44.4881,16.7153,71.764,10.0964,19.2663,478715.5,1.9082,1.9156,13.078861754217169
1585,2013,GAIL,52.6205,40.5618,17.5402,74.8946,8.125,16.2862,597865.5,2.0045,1.402,13.301121091247325
1586,2014,GAIL,55.4974,44.0048,18.4991,74.8946,7.5595,15.6281,668419.3,2.0673,1.4697,13.412670950211698
1587,2015,GAIL,67.5385,52.8239,22.5128,84.8585,4.6305,9.5068,696452.5,2.0531,1.4458,13.453754871742873
1588,2016,GAIL,73.4433,67.2002,24.4811,84.8585,2.9052,5.3083,590375.9,1.8272,1.2419,13.288514731652052
1589,2017,GAIL,75.5357,67.2002,25.1786,91.1198,5.7424,8.8977,582710.7,1.5495,1.622,13.275446115756463
1590,2018,GAIL,72.2865,68.6198,24.0955,91.1198,8.038,11.8714,613341.4,1.4769,1.7777,13.326676993004483
1591,2019,GAIL,76.0084,68.6198,25.3361,91.1198,10.0904,14.9305,684074.0,1.4797,1.7041,13.435821377887384
1592,2020,GAIL,76.3505,68.6198,25.4502,91.1198,13.1481,19.7792,749141.8,1.5043,0.7008,13.526683563672881
1593,2021,GAIL,76.0889,67.2002,25.363,91.1198,7.8709,11.9791,810098.9,1.5219,1.1313,13.604911617960607
1594,2022,GAIL,76.5617,68.6198,25.5206,91.1198,13.8043,20.8976,965594.0,1.5138,1.078,13.780498734993046
1595,2023,GAIL,76.5617,68.6198,25.5206,91.1198,5.4967,8.7042,1077807.5,1.5835,1.0648,13.890439443076732
1596,2003,BPCL,7.9214,-12.8423,2.6405,50.1231,7.6324,33.6242,223376.6875,4.4054,1.3014,12.31661480699391
1597,2004,BPCL,11.2475,-8.8103,3.7492,52.2483,8.9136,34.834,232982.8125,3.908,2.19,12.358719963732565
1598,2005,BPCL,14.5735,-4.7784,4.8578,54.3736,6.1951,21.695,264814.5625,3.5019,1.3852,12.486785095868205
1599,2006,BPCL,17.8996,-0.7464,5.9665,56.4988,1.8525,6.1143,315252.15,3.3005,1.5502,12.66112807378805
1600,2007,BPCL,14.5257,0.4228,4.8419,39.404,6.2167,20.1521,374889.36,3.2416,0.9626,12.834386221419685
1601,2008,BPCL,18.7104,0.4228,6.2368,51.9266,4.1595,14.5775,475966.69,3.5047,1.1444,13.073103151773317
1602,2009,BPCL,18.7104,0.4228,6.2368,51.9266,1.2467,4.8345,540734.3,3.8779,1.0214,13.200683309644395
1603,2010,BPCL,22.5329,0.4228,7.511,63.3654,2.818,11.8915,617791.3,4.2199,1.3243,13.333905977140205
1604,2011,BPCL,23.4584,0.4228,7.8195,66.1349,2.5433,11.0868,667908.8,4.3592,1.441,13.411906916252024
1605,2012,BPCL,49.1097,42.0417,16.3699,81.1559,1.08,5.0004,778135.9,4.6302,1.5943,13.564656466569227
1606,2013,BPCL,50.679,37.5717,16.893,81.1559,2.3904,11.5192,795497.9,4.8189,1.628,13.586723486907342
1607,2014,BPCL,50.2766,32.2259,16.7589,81.1559,4.6441,21.6049,888657.2,4.6521,1.7124,13.697466838332776
1608,2015,BPCL,64.5307,59.0456,21.5102,91.1198,5.4675,22.9022,869590.8,4.1888,2.6001,13.675778035156355
1609,2016,BPCL,64.5307,59.0456,21.5102,91.1198,8.749,30.1321,864217.3,3.4441,2.3527,13.669579520793835
1610,2017,BPCL,65.4763,61.8846,21.8254,91.1198,8.9213,29.7577,1090862.6,3.3356,3.0493,13.902479317379122
1611,2018,BPCL,64.5207,59.0154,21.5069,91.1198,7.8526,26.7167,1203560.6,3.4023,2.5322,14.000794888074271
1612,2019,BPCL,60.0141,45.4847,20.0047,91.1198,6.0651,20.7003,1369303.8,3.413,2.2247,14.129812993457056
1613,2020,BPCL,64.9432,45.4847,21.6477,91.1198,2.1233,8.1155,1508635.6,3.8221,1.8817,14.226716224161155
1614,2021,BPCL,60.3863,53.428,20.1288,74.2324,10.3673,35.8873,1609815.5,3.4616,1.7334,14.2916301341207
1615,2022,BPCL,60.3863,53.428,20.1288,74.2324,6.7037,22.1533,1875286.3,3.3046,1.4743,14.44427189906354
1616,2023,BPCL,60.3863,53.428,20.1288,74.2324,1.1346,4.0427,1881087.7,3.563,1.3698,14.447360731332394
1701,2003,ATGL,-71.0711,-140.7397,-23.6904,3.7754,26.6839,47.5158,-74329.9594,1.7757,-141.9971,11.216269371506355
1702,2004,ATGL,-62.5252,-128.6303,-20.8417,9.3374,25.808,45.9491,-66421.1363,1.7764,-128.9362,11.103770602583257
1703,2005,ATGL,-53.9794,-116.5209,-17.9931,14.8995,24.9321,44.3825,-58512.3131,1.7771,-115.8754,10.976992491413949
1704,2006,ATGL,-45.4335,-104.4115,-15.1445,20.4615,24.0562,42.8159,-50603.49,1.7778,-102.8145,10.83177582522909
1705,2007,ATGL,-36.8877,-92.3021,-12.2959,26.0236,23.1803,41.2492,-42694.6669,1.7785,-89.7536,10.661829294460938
1706,2008,ATGL,-28.3418,-80.1927,-9.4473,31.5857,22.3044,39.6826,-34785.8437,1.7792,-76.6928,10.45696579277109
1707,2009,ATGL,-19.7959,-68.0832,-6.5986,37.1477,21.4284,38.1159,-26877.0206,1.7799,-63.6319,10.199026947719984
1708,2010,ATGL,-11.2501,-55.9738,-3.75,42.7098,20.5525,36.5493,-18968.1974,1.7806,-50.5711,9.850519034692354
1709,2011,ATGL,-2.7042,-43.8644,-0.9014,48.2718,19.6766,34.9827,-11059.3743,1.7813,-37.5102,9.31103370023911
1710,2012,ATGL,5.8416,-31.755,1.9472,53.8339,18.8007,33.416,-3150.5511,1.782,-24.4493,8.055332668898249
1711,2013,ATGL,14.3875,-19.6456,4.7958,59.3959,17.9248,31.8494,4758.272,1.7827,-11.3885,8.467639856105778
1712,2014,ATGL,22.3619,0.4228,7.454,57.6761,17.0489,30.2827,16748.718,1.7834,1.6724,9.72607699701065
1713,2015,ATGL,32.9745,0.7551,10.9915,78.5972,12.2859,22.9868,20481.1,1.871,12.8449,9.927257788648562
1714,2016,ATGL,36.6563,1.5705,12.2188,78.5972,19.2873,33.9175,24763.2,1.7585,6.4566,10.117113959158495
1715,2017,ATGL,49.5624,34.9743,16.5208,78.5972,16.2966,27.1872,32036.4,1.6683,54.6689,10.374628035318926
1716,2018,ATGL,62.1165,49.3506,20.7055,89.8555,13.372,23.4205,44152.5,1.7515,97.8538,10.695404829570526
1717,2019,ATGL,62.1165,49.3506,20.7055,89.8555,10.864,20.4021,56453.0,1.878,32.4506,10.941163712541249
1718,2020,ATGL,31.4792,4.5732,10.4931,70.52,15.2971,27.1495,20575.9183,1.7848,27.7941,9.93187665638405
1719,2021,ATGL,40.0251,16.6826,13.3417,76.0821,14.4212,25.5828,28484.7414,1.7855,40.855,10.257123833410938
1720,2022,ATGL,48.5709,28.792,16.1903,81.6441,13.5452,24.0162,36393.5646,1.7862,53.9158,10.502147241291155
1721,2023,ATGL,57.1168,40.9014,19.0389,87.2062,12.6693,22.4495,44302.3877,1.7869,66.9767,10.698793853000623
3444,2003,HPCL,16.26,1.103,5.42,45.1996,8.8289,23.8538,182247.0938,2.7018,1.5581,12.113118703516053
3445,2004,HPCL,18.483,3.4831,6.161,47.4091,10.468,28.3018,195258.0,2.7036,2.2806,12.182077039973953
3446,2005,HPCL,20.7059,5.8632,6.902,49.6185,7.1521,17.7785,200608.9063,2.4858,1.2335,12.209112551829481
3447,2006,HPCL,22.6335,9.0305,7.5445,54.696,1.9695,5.3004,258466.4063,2.6913,1.2496,12.462521008199305
3448,2007,HPCL,24.5448,9.0305,8.1816,54.696,5.7104,18.3425,327836.4063,3.2121,0.8789,12.700270001663013
3449,2008,HPCL,25.601,12.2018,8.5337,54.696,3.5953,13.4186,430992.1,3.7323,0.8083,12.973845039451541
3450,2009,HPCL,24.5448,9.0305,8.1816,54.696,1.6383,6.9147,493608.8,4.2207,0.8183,13.109498579615368
3451,2010,HPCL,30.2283,18.0912,10.0761,54.696,2.7776,12.6109,569640.0,4.5403,0.8787,13.252759861333365
3452,2011,HPCL,32.6929,24.8565,10.8976,54.696,2.6957,13.3316,694318.9,4.9456,0.9091,13.450686644032968
3453,2012,HPCL,36.5456,24.3129,12.1819,63.0042,0.2253,1.3394,855792.7,5.9438,0.8033,13.659783452898091
3454,2013,HPCL,39.1108,25.7324,13.0369,69.2655,0.5637,3.7991,922758.0,6.7394,0.7105,13.735122290591862
3455,2014,HPCL,44.6132,25.7324,14.8711,69.2655,1.1416,7.8312,969959.9,6.8598,0.7494,13.78501000941885
3456,2015,HPCL,43.2954,20.0846,14.4318,82.36,1.6401,10.7336,857447.0,6.5444,1.5802,13.66171464853189
3457,2016,HPCL,51.3932,35.8804,17.1311,82.36,6.0203,30.5653,695530.1,5.077,1.5975,13.45242956762627
3458,2017,HPCL,52.5903,37.904,17.5301,82.36,10.9905,43.6506,803190.4,3.9717,2.5325,13.596347075656938
3459,2018,HPCL,55.8897,51.4346,18.6299,82.36,8.4926,30.9772,896717.5,3.6476,2.0572,13.706496152752827
3460,2019,HPCL,52.3086,37.904,17.4362,82.36,6.7919,23.9237,1073464.8,3.5224,1.4221,13.88640210582392
3461,2020,HPCL,54.1394,41.8303,18.0465,82.36,2.3533,8.5978,1169098.9,3.6535,0.9346,13.971743839099762
3462,2021,HPCL,55.2661,45.2129,18.422,82.36,8.4935,30.8794,1341738.5,3.6357,0.8937,14.109476719106127
3463,2022,HPCL,53.7169,42.1323,17.9056,82.36,5.0514,18.3537,1546281.9,3.6334,0.9224,14.251363833033828
3464,2023,HPCL,53.7169,42.1323,17.9056,82.36,-4.4183,-18.9506,1613395.1,4.2891,1.0406,14.293851274415815
3696,2003,IGL,19.1892,6.5144,6.3964,52.2768,14.2522,24.0082,-10998.2992,1.6892,2.9269,9.305495921644066
3697,2004,IGL,19.7967,5.951,6.5989,53.5945,14.3349,23.787,-1745.5848,1.6651,3.0734,7.4648449074331955
3698,2005,IGL,20.4042,5.3876,6.8014,54.9122,14.4175,23.5658,23227.6,1.641,4.3221,10.053096505747831
3699,2006,IGL,21.9294,7.6412,7.3098,56.9235,14.3646,26.0205,26078.4,1.8114,2.5989,10.168862664465369
3700,2007,IGL,17.7447,7.6412,5.9149,44.401,13.1967,22.128,28520.1,1.6768,2.3738,10.258364380833445
3701,2008,IGL,23.2472,0.7551,7.7491,63.5762,14.7744,22.6727,30734.9,1.5346,2.7988,10.333154095716164
3702,2009,IGL,23.2472,0.7551,7.7491,63.5762,14.2723,20.2867,34304.5,1.4214,3.2186,10.443031819883952
3703,2010,IGL,24.9371,0.7551,8.3124,66.0747,15.9072,22.0919,41930.2,1.3888,4.7181,10.643761610007951
3704,2011,IGL,24.9371,0.7551,8.3124,66.0747,15.5384,21.6777,50964.7,1.3951,5.3638,10.838888515192567
3705,2012,IGL,24.9371,0.7551,8.3124,66.0747,14.9312,21.1512,61832.9,1.4166,4.9543,11.032190864250706
3706,2013,IGL,25.2791,0.7551,8.4264,66.0747,18.1967,25.8224,75443.5,1.4191,5.0684,11.231139310716832
3707,2014,IGL,26.094,0.7551,8.698,66.0747,14.1319,20.0566,90499.8,1.4192,5.6618,11.413102919740824
3708,2015,IGL,26.094,0.7551,8.698,66.0747,14.9092,21.5836,111022.1,1.4477,3.4432,11.617484559575976
3709,2016,IGL,26.094,0.7551,8.698,66.0747,13.8234,21.1332,126206.0,1.5288,3.7836,11.745670771540706
3710,2017,IGL,21.6192,4.2608,7.2064,57.5475,14.5828,23.1234,16759.8438,1.5928,3.3663,9.726741054183575
3711,2018,IGL,22.2267,3.6973,7.4089,58.8652,14.6654,22.9022,26012.5582,1.5687,3.5128,10.166334708085259
3712,2019,IGL,22.8342,3.1339,7.6114,60.1828,14.748,22.681,35265.2725,1.5445,3.6593,10.470653976820705
3713,2020,IGL,23.4417,2.5705,7.8139,61.5005,14.8306,22.4598,44517.9868,1.5204,3.8057,10.703648584241234
3714,2021,IGL,24.0492,2.0071,8.0164,62.8182,14.9133,22.2386,53770.7012,1.4963,3.9522,10.892484010447726
3715,2022,IGL,24.6567,1.4437,8.2189,64.1358,14.9959,22.0174,63023.4155,1.4722,4.0987,11.05126161092295
3716,2023,IGL,25.2642,0.8803,8.4214,65.4535,15.0785,21.7962,72276.1298,1.4481,4.2452,11.188249198723629
3717,2003,PLNG,24.216,22.6284,8.072,49.097,-5.3506,2.6331,-25182.9455,3.1104,2.5339,10.133922278517101
3718,2004,PLNG,24.85,21.6122,8.2833,50.919,-4.1872,3.8602,-12984.8418,3.0248,2.5484,9.471537940734223
3719,2005,PLNG,25.4841,20.596,8.4947,52.741,-3.0238,5.0874,-786.7382,2.9393,2.5629,6.667895537420853
3720,2006,PLNG,26.1181,19.5799,8.706,54.563,-1.8605,6.3145,11411.3655,2.8537,2.5774,9.342365111418603
3721,2007,PLNG,26.7521,18.5637,8.9174,56.385,-0.6971,7.5416,23609.4691,2.7682,2.5919,10.069403143592092
3722,2008,PLNG,27.3861,17.5475,9.1287,58.207,0.4663,8.7687,35807.5727,2.6826,2.6065,10.485914677952874
3723,2009,PLNG,28.0201,16.5314,9.34,60.029,1.6297,9.9959,48005.6764,2.5971,2.621,10.779074541231395
3724,2010,PLNG,28.6541,15.5152,9.5514,61.851,2.7931,11.223,60203.78,2.5115,2.6355,11.005490420023333
3725,2011,PLNG,29.2881,14.499,9.7627,63.673,3.9564,12.4501,72401.8836,2.426,2.65,11.189987594609969
3726,2012,PLNG,29.9222,13.4829,9.9741,65.4951,5.1198,13.6773,84599.9873,2.3404,2.6645,11.3456893954761
3727,2013,PLNG,27.0697,4.3189,9.0232,62.7333,6.2832,14.9044,110828.2,2.2549,2.2839,11.615736533547853
3728,2014,PLNG,25.2087,2.5974,8.4029,62.7333,6.1918,15.0897,119126.8,2.437,2.0607,11.687943751020729
3729,2015,PLNG,33.2763,22.4706,11.0921,70.1987,7.6636,16.5347,111186.8,2.1576,2.2617,11.618966948716647
3730,2016,PLNG,45.4381,29.0245,15.146,84.8585,7.8654,15.0246,124746.2,1.9102,2.8227,11.734036552227979
3731,2017,PLNG,32.874,3.2619,10.958,78.5972,13.0598,23.2215,139135.9,1.7781,3.6971,11.843206432319317
3732,2018,PLNG,33.216,3.2619,11.072,78.5972,14.2318,23.4628,157445.3,1.6486,3.5309,11.966833375337359
3733,2019,PLNG,33.558,3.2619,11.186,78.5972,14.3936,22.259,152493.4,1.5465,3.6882,11.934876595404528
3734,2020,PLNG,33.558,3.2619,11.186,78.5972,15.8479,25.3223,188669.0,1.5978,2.6936,12.1477494359319
3735,2021,PLNG,34.4835,3.2619,11.4945,78.5972,15.4872,25.639,190900.4,1.6555,2.8541,12.159507105049517
3736,2022,PLNG,36.1533,3.2619,12.0511,83.5942,16.9986,26.9921,213617.8,1.5879,2.1263,12.271943715929481
3737,2023,PLNG,36.1533,3.2619,12.0511,83.5942,15.0782,22.9901,227524.9,1.5247,2.2488,12.335014961933318
3906,2003,GUJGA,17.9261,-0.151,5.9754,59.5608,-25.6339,-20.352,-7903.0533,8.8253,5.2446,8.975004457456558
3907,2004,GUJGA,18.5049,-0.0554,6.1683,59.9177,-23.4936,-17.6992,-2537.0417,8.4641,5.2754,7.838753996200503
3908,2005,GUJGA,19.0836,0.0402,6.3612,60.2746,-21.3533,-15.0464,2828.97,8.1029,5.3062,7.947667966791469
3909,2006,GUJGA,19.6624,0.1359,6.5541,60.6315,-19.213,-12.3936,8194.9817,7.7417,5.3369,9.011277258106492
3910,2007,GUJGA,20.2412,0.2315,6.7471,60.9885,-17.0727,-9.7408,13560.9933,7.3805,5.3677,9.514952811023964
3911,2008,GUJGA,20.82,0.3272,6.94,61.3454,-14.9324,-7.088,18927.005,7.0193,5.3985,9.84834501721176
3912,2009,GUJGA,21.3987,0.4228,7.1329,61.7023,-12.7921,-4.4351,24293.0167,6.6581,5.4292,10.097944209426673
3913,2010,GUJGA,21.9775,0.5184,7.3258,62.0593,-10.6518,-1.7823,29659.0283,6.2969,5.46,10.297521853860587
3914,2011,GUJGA,22.5563,0.6141,7.5188,62.4162,-8.5115,0.8705,35025.04,5.9357,5.4908,10.463818513245954
3915,2012,GUJGA,23.135,0.7097,7.7117,62.7731,-6.3713,3.5233,40391.0517,5.5745,5.5215,10.606363546841882
3916,2013,GUJGA,23.7138,0.8054,7.9046,63.13,-4.231,6.1761,45757.0633,5.2133,5.5523,10.73110144785794
3917,2014,GUJGA,24.2926,0.901,8.0975,63.487,-2.0907,8.8289,51123.075,4.8521,5.5831,10.841991239824482
3918,2015,GUJGA,24.8714,0.9966,8.2905,63.8439,0.0496,11.4818,69147.0,4.4909,5.6138,11.143989952203855
3919,2016,GUJGA,22.7341,0.4228,7.578,63.5762,2.9273,10.7571,60692.3,3.6747,4.9941,11.013572115623754
3920,2017,GUJGA,26.6271,1.5705,8.8757,63.5762,3.5451,13.8431,63754.0,3.9048,6.3616,11.06278720615032
3921,2018,GUJGA,28.4076,1.5705,9.4692,66.0747,4.4862,16.5684,66617.8,3.6931,6.1463,11.106727088086215
3922,2019,GUJGA,28.4076,1.5705,9.4692,66.0747,6.056,20.5543,71575.3,3.394,4.623,11.178505321365146
3923,2020,GUJGA,28.4076,1.5705,9.4692,66.0747,15.8964,43.4149,79254.1,2.7311,4.7905,11.28041442541709
3924,2021,GUJGA,28.4076,1.5705,9.4692,66.0747,15.4317,32.5949,85390.1,2.1122,8.4474,11.354985447998285
3925,2022,GUJGA,28.4076,1.5705,9.4692,66.0747,14.2044,25.4736,95873.3,1.7934,6.1534,11.470782807091233
3926,2023,GUJGA,28.4076,1.5705,9.4692,66.0747,14.9003,24.1491,109274.3,1.6207,4.5019,11.601616513854214
4011,2003,OINL,15.353,-7.7038,5.1177,57.499,17.036,16.6591,-105802.9855,0.7393,2.3683,11.56933401634469
4012,2004,OINL,16.9853,-5.077,5.6618,57.8729,16.5085,16.6306,-66259.2198,0.811,2.2691,11.101329900958122
4013,2005,OINL,18.6176,-2.4502,6.2059,58.2467,15.9811,16.602,-26715.454,0.8827,2.17,10.192997478445488
4014,2006,OINL,20.2499,0.1766,6.75,58.6206,15.4537,16.5735,12828.3117,0.9545,2.0709,9.459409858927573
4015,2007,OINL,21.8822,2.8034,7.2941,58.9945,14.9262,16.545,52372.0775,1.0262,1.9717,10.866128856144915
4016,2008,OINL,23.5145,5.4302,7.8382,59.3684,14.3988,16.5165,91915.8432,1.0979,1.8726,11.42862868956798
4017,2009,OINL,25.1468,8.057,8.3823,59.7422,13.8714,16.4879,133801.162,1.1697,1.7735,11.80411011124244
4018,2010,OINL,18.5394,0.0,6.1798,55.4786,16.5881,22.6063,180933.076,1.3628,2.0174,12.105882496018756
4019,2011,OINL,18.5394,0.0,6.1798,55.4786,14.6678,19.6431,212275.2,1.3392,2.023,12.265638825041187
4020,2012,OINL,21.0542,0.0,7.0181,63.0042,15.5438,20.6763,231177.2,1.3302,0.6909,12.350939795000535
4021,2013,OINL,39.151,20.9906,13.0503,72.3961,14.9212,19.4226,250291.9,1.3017,1.5951,12.430383115729631
4022,2014,OINL,36.3243,22.0175,12.1081,57.1042,9.9061,14.9779,353441.6,1.512,1.407,12.775473545578963
4023,2015,OINL,42.4907,30.444,14.1636,63.5762,7.2046,12.3672,370647.5,1.7166,1.2719,12.823006755154523
4024,2016,OINL,43.6375,41.8907,14.5458,63.5762,5.3835,8.91,401922.0,1.6551,0.7473,12.904013318924186
4025,2017,OINL,49.2908,56.267,16.4303,63.5762,3.4926,5.8378,512342.9,1.6715,0.9063,13.146749406417392
4026,2018,OINL,50.337,56.267,16.779,63.5762,5.4764,9.3412,486344.7,1.7057,0.5639,13.09467291073641
4027,2019,OINL,44.1304,40.7732,14.7101,63.5762,6.4072,11.164,524324.0,1.7424,0.6941,13.16986509283244
4028,2020,OINL,44.1304,40.7732,14.7101,63.5762,9.1701,19.1829,567336.6,2.0919,0.3861,13.248708057362615
4029,2021,OINL,38.6078,26.3969,12.8693,63.5762,7.407,17.6886,552138.9,2.3881,0.5627,13.221554924040387
4030,2022,OINL,38.6078,26.3969,12.8693,63.5762,9.6898,20.7332,608182.6,2.1397,0.8459,13.318230444805963
4031,2023,OINL,38.6078,26.3969,12.8693,63.5762,12.9599,25.2844,738830.2,1.951,0.7091,13.512823403569772
5523,2003,MRPL,12.6532,-15.1835,4.2177,49.8044,-2.8012,-23.6458,357037.2759,6.5514,2.5524,12.785595469596698
5524,2004,MRPL,14.0541,-13.6843,4.6847,51.3995,-2.5072,-21.542,356845.3669,6.4606,2.4797,12.785057820988602
5525,2005,MRPL,15.455,-12.1852,5.1517,52.9947,-2.2133,-19.4383,356653.4579,6.3698,2.407,12.784519883158973
5526,2006,MRPL,16.8559,-10.6861,5.6186,54.5898,-1.9194,-17.3345,356461.5489,6.279,2.3344,12.783981655796477
5527,2007,MRPL,18.2568,-9.1869,6.0856,56.185,-1.6255,-15.2307,356269.6399,6.1882,2.2617,12.783443138589279
5528,2008,MRPL,19.6578,-7.6878,6.5526,57.7801,-1.3316,-13.127,356077.7309,6.0974,2.189,12.782904331225037
5529,2009,MRPL,21.0587,-6.1887,7.0196,59.3752,-1.0376,-11.0232,355885.8219,6.0066,2.1163,12.782365233390905
5530,2010,MRPL,22.4596,-4.6896,7.4865,60.9704,-0.7437,-8.9194,355693.9129,5.9158,2.0437,12.78182584477353
5531,2011,MRPL,23.8605,-3.1904,7.9535,62.5655,-0.4498,-6.8157,355502.0039,5.825,1.971,12.781286165059054
5532,2012,MRPL,25.2614,-1.6913,8.4205,64.1607,-0.1559,-4.7119,355310.0949,5.7342,1.8983,12.780746193933107
5533,2013,MRPL,28.5786,5.9197,9.5262,66.1349,0.138,-2.6081,267012.18,5.6434,1.3427,12.495049554319447
5534,2014,MRPL,29.7455,5.9197,9.9152,69.6267,1.8157,8.8823,395176.75,4.8919,1.1826,12.887088412153581
5535,2015,MRPL,27.1703,0.7551,9.0568,65.5027,-4.4672,-29.3227,412171.31,6.564,2.2583,12.929194342881269
5536,2016,MRPL,25.762,0.7551,8.5873,59.6026,1.9316,14.6247,440703.67,7.5712,1.9577,12.996127978455943
5537,2017,MRPL,34.2722,4.4699,11.4241,78.5972,9.0304,44.704,328397.34,4.9504,1.9671,12.701979556649409
5538,2018,MRPL,35.6604,4.4699,11.8868,78.5972,6.1511,20.1934,319506.11,3.2829,1.8813,12.674531676247545
5539,2019,MRPL,35.6604,4.4699,11.8868,78.5972,1.0509,3.3702,327662.56,3.2071,1.3093,12.6997395773206
5540,2020,MRPL,35.6604,4.4699,11.8868,78.5972,-10.5939,-41.147,305653.36,3.884,0.638,12.63020692836226
5541,2021,MRPL,35.9421,5.3156,11.9807,78.5972,-2.3431,-14.4226,347294.2,6.1553,1.6028,12.757927538333572
5542,2022,MRPL,40.9416,21.8967,13.6472,78.5972,7.9097,51.6389,400713.21,6.5286,1.0113,12.90100126338804
5543,2023,MRPL,40.9416,21.8967,13.6472,78.5972,7.0607,31.1049,351454.36,4.4054,0.9336,12.769835138274718
5607,2003,GUJS,7.3367,-11.3579,2.4456,39.8779,10.6807,15.3884,-30401.5411,1.3783,2.3654,10.32224858018836
5608,2004,GUJS,9.2456,-9.6638,3.0819,42.3709,10.6437,15.9883,-19890.4977,1.446,2.3561,9.897997394159392
5609,2005,GUJS,11.1545,-7.9697,3.7182,44.8639,10.6066,16.5882,-9379.4543,1.5137,2.3468,9.146276863335643
5610,2006,GUJS,13.0635,-6.2756,4.3545,47.3569,10.5696,17.1881,1131.5891,1.5814,2.3375,7.031378207002088
5611,2007,GUJS,14.9724,-4.5815,4.9908,49.8499,10.5325,17.788,21060.6139,1.6491,2.6412,9.955159935310595
5612,2008,GUJS,18.2778,0.0,6.0926,54.696,10.4954,18.3879,37973.2601,1.7167,3.156,10.544637509429485
5613,2009,GUJS,18.2778,0.0,6.0926,54.696,13.745,30.1293,41855.424,2.192,2.6803,10.641976673254291
5614,2010,GUJS,21.024,0.4228,7.008,54.696,12.4437,23.4943,45731.642,1.888,1.6808,10.730545722414654
5615,2011,GUJS,21.024,0.4228,7.008,54.696,10.7756,19.224,54098.288,1.784,1.2423,10.898557819232192
5616,2012,GUJS,15.9139,0.4228,5.3046,39.404,7.5361,12.9526,56247.777,1.7187,1.1519,10.937521799285731
5617,2013,GUJS,29.0112,0.4228,9.6704,78.5972,8.4627,13.5737,58681.512,1.6039,1.8476,10.979879998796124
5618,2014,GUJS,29.0112,0.4228,9.6704,78.5972,7.9482,11.9806,58384.222,1.5073,2.0024,10.97480096108062
5619,2015,GUJS,36.1734,15.9468,12.0578,78.5972,9.2014,12.7809,58737.101,1.389,2.0474,10.980826850453331
5620,2016,GUJS,34.2018,15.9468,11.4006,72.6972,8.2818,21.4896,119626.404,2.5948,4.3998,11.692128865363497
5621,2017,GUJS,36.1734,15.9468,12.0578,78.5972,8.1772,34.8939,124614.547,4.2672,3.2638,11.732980628119503
5622,2018,GUJS,36.1734,15.9468,12.0578,78.5972,13.351,42.131,133501.678,3.1556,1.9917,11.801869326031838
5623,2019,GUJS,37.0285,15.9468,12.3428,78.5972,11.9573,29.1841,141687.15,2.4407,2.4133,11.861376737021867
5624,2020,GUJS,38.8794,15.9468,12.9598,78.5972,11.121,22.8977,152940.371,2.059,1.8457,11.937803392383165
5625,2021,GUJS,38.8794,15.9468,12.9598,78.5972,10.0675,18.9029,173159.056,1.8776,1.5824,12.061965849935605
5626,2022,GUJS,18.7902,-1.1932,6.2634,54.8359,10.4213,19.5877,22153.676,1.8521,2.3189,10.005758721071494
5627,2023,GUJS,20.6991,0.5009,6.8997,57.3289,10.3843,20.1876,32664.7194,1.9198,2.3096,10.394050857003759
5880,2003,CSTRL,7.2234,-26.593,2.4078,63.1551,20.3743,40.7739,6330.3999,2.0012,8.4504,8.753118688498194
5881,2004,CSTRL,9.2421,-23.4328,3.0807,63.418,19.651,35.998,6642.0,1.8319,7.4788,8.801168401936692
5882,2005,CSTRL,11.2608,-20.2725,3.7536,63.6808,21.0832,39.1425,7284.7002,1.8566,7.9973,8.893531564728274
5883,2006,CSTRL,13.2796,-17.1123,4.4265,63.9437,20.3685,38.2534,7884.8,1.8781,6.7465,8.972692134459091
5884,2007,CSTRL,15.2983,-13.9521,5.0994,64.2066,25.2074,51.5262,9445.8,2.0441,10.3757,9.153325477248638
5885,2008,CSTRL,21.8891,0.0,7.2964,65.5027,27.736,57.9343,9473.2998,2.0888,8.7471,9.156232573215986
5886,2009,CSTRL,21.8891,0.0,7.2964,65.5027,35.8898,78.5229,11761.7,2.1879,15.1078,9.372603768828272
5887,2010,CSTRL,21.8891,0.0,7.2964,65.5027,39.0227,93.526,13367.8,2.3967,20.4727,9.500604109062174
5888,2011,CSTRL,21.8891,0.0,7.2964,65.5027,35.1101,83.101,14033.4,2.3669,17.0604,9.549195481584903
5889,2012,CSTRL,21.8891,0.0,7.2964,65.5027,31.0374,71.3865,14795.7,2.3,22.8149,9.602091876996585
5890,2013,CSTRL,26.9691,0.4228,8.9897,63.0042,32.8684,72.6191,16150.1,2.2094,20.6533,9.689681520582097
5891,2014,CSTRL,28.0253,0.4228,9.3418,63.0042,30.5462,76.0391,14921.5,2.4893,49.9758,9.610558404897358
5892,2015,CSTRL,29.1621,0.7551,9.7207,66.0747,39.0174,114.7456,16616.2,2.9409,37.9206,9.718133402074747
5893,2016,CSTRL,30.6005,2.084,10.2002,66.0747,37.7684,86.1035,18883.3,2.2798,19.1795,9.846033212561418
5894,2017,CSTRL,36.2036,16.4603,12.0679,66.0747,35.7961,69.1226,19769.5,1.931,18.7324,9.89189562500013
5895,2018,CSTRL,36.2036,16.4603,12.0679,66.0747,34.6919,64.8144,21067.7,1.8683,12.8343,9.955496340896808
5896,2019,CSTRL,40.3883,16.4603,13.4628,78.5972,38.1668,65.3373,22287.8,1.7119,9.3561,10.011794722540703
5897,2020,CSTRL,36.2036,16.4603,12.0679,66.0747,25.2231,41.9203,23935.0,1.662,8.6062,10.08309710182661
5898,2021,CSTRL,49.4015,49.3506,16.4672,66.0747,29.7435,49.5526,27040.2,1.666,7.3816,10.20507992657925
5899,2022,CSTRL,49.1198,51.0722,16.3733,66.0747,28.2399,46.164,30690.1,1.6347,6.4585,10.331695405998829
5900,2023,CSTRL,19.3358,-7.6316,6.4453,64.7323,25.3114,56.7181,5794.7385,2.1604,13.6906,8.664705629647832
6090,2003,AGIS,-5.3386,-25.7736,-1.7795,48.2179,8.8774,22.4383,-9644.5366,3.6757,1.2496,9.174146878566109
6091,2004,AGIS,-2.529,-23.3547,-0.843,50.1073,8.8041,21.9466,-6754.3649,3.571,1.4746,8.817944226729209
6092,2005,AGIS,0.2805,-20.9357,0.0935,51.9966,8.7308,21.4549,2454.3579,3.4662,1.6538,7.805620458157507
6093,2006,AGIS,3.0901,-18.5168,1.03,53.8859,13.05,28.3109,3436.4651,2.1694,2.6028,8.142198634828437
6094,2007,AGIS,5.8997,-16.0979,1.9666,55.7753,7.9281,16.909,3475.252,2.1328,0.5685,8.153422273355202
6095,2008,AGIS,8.7092,-13.6789,2.9031,57.6646,11.7579,24.3174,3843.366,2.0682,2.2192,8.254103824125222
6096,2009,AGIS,11.5188,-11.26,3.8396,59.5539,10.0855,20.171,5495.28,2.0171,3.4626,8.61164482095355
6097,2010,AGIS,14.3284,-8.841,4.7761,61.4433,1.1224,6.908,29576.428,6.1546,1.7123,10.29473297170462
6098,2011,AGIS,16.2459,0.0,5.4153,48.6153,1.6956,11.1765,10053.242,6.5914,1.3549,9.215650448531878
6099,2012,AGIS,17.9157,0.0,5.9719,53.6123,6.4493,18.508,8881.147,2.8698,1.6187,9.091685994311588
6100,2013,AGIS,26.265,0.0,8.755,78.5972,11.3279,26.6,9376.448,2.3482,4.7374,9.145956292245257
6101,2014,AGIS,26.265,0.0,8.755,78.5972,10.6021,19.4274,12002.28,1.8324,4.3797,9.392851910722424
6102,2015,AGIS,31.8378,0.9061,10.6126,78.5972,7.3696,15.1255,20354.795,2.0524,7.7636,9.921071789650796
6103,2016,AGIS,31.8378,0.9061,10.6126,78.5972,9.3099,19.3506,22139.338,2.0785,7.182,10.005111305183256
6104,2017,AGIS,31.8378,0.9061,10.6126,78.5972,9.5372,17.0393,24286.797,1.7866,4.8782,10.097688148336264
6105,2018,AGIS,32.8639,2.4162,10.9546,78.5972,3.7236,6.5396,29207.017,1.7563,2.8627,10.282164267606156
6106,2019,AGIS,33.7189,2.4162,11.2396,78.5972,7.4425,12.4409,30821.52,1.6716,5.4132,10.335968426282253
6107,2020,AGIS,44.8949,20.2356,14.965,75.4666,10.048,17.3712,40341.401,1.7288,3.3098,10.605133540701866
6108,2021,AGIS,49.3612,34.6119,16.4537,72.6972,8.2694,16.2095,71626.933,1.9602,3.7655,11.179226441436473
6109,2022,AGIS,19.9475,-4.0032,6.6492,65.2219,8.5841,20.4715,-974.0215,3.2568,1.9245,6.881433377320881
6110,2023,AGIS,22.7571,-1.5842,7.5857,67.1113,8.5108,19.9797,1916.1502,3.1521,2.1494,7.558073347942618
6573,2003,AMRJ,18.6715,7.2134,6.2238,52.3832,19.5722,39.1269,-21877.9282,2.2647,3.6646,9.993233562838716
6574,2004,AMRJ,19.5988,6.9364,6.5329,53.9011,19.1693,37.8529,-17578.9063,2.2114,3.6759,9.774454956562122
6575,2005,AMRJ,20.526,6.6594,6.842,55.4191,18.7664,36.5789,-13279.8845,2.158,3.6872,9.494005725703447
6576,2006,AMRJ,21.4533,6.3824,7.1511,56.937,18.3636,35.3049,-8980.8627,2.1047,3.6985,9.102851225724226
6577,2007,AMRJ,22.3806,6.1054,7.4602,58.455,17.9607,34.0308,-4681.8408,2.0514,3.7098,8.45144664490975
6578,2008,AMRJ,24.0821,4.1075,8.0274,63.3654,17.5578,32.7568,8457.271,1.9981,3.3443,9.04278182372902
6579,2009,AMRJ,24.5951,5.5874,8.1984,60.2348,9.2518,21.7896,8940.1743,2.3552,0.7718,9.098310364621797
6580,2010,AMRJ,24.5951,5.5874,8.1984,60.2348,17.8686,35.1935,9755.531,1.9696,2.5796,9.185589685199538
6581,2011,AMRJ,25.5206,5.5874,8.5069,63.0042,14.1619,24.8991,11159.2,1.7582,2.5089,9.320019548778026
6582,2012,AMRJ,25.6815,6.0707,8.5605,63.0042,17.4321,29.2723,13515.17,1.6792,3.1144,9.51156803724779
6583,2013,AMRJ,26.6573,6.0707,8.8858,63.3654,18.3668,30.4474,17704.7,1.6577,4.425,9.781585420036448
6584,2014,AMRJ,27.8644,6.9163,9.2881,66.1349,18.7951,30.3351,21394.41,1.614,4.9437,9.970884951934103
6585,2015,AMRJ,29.4739,1.7517,9.8246,76.0987,18.1567,26.8338,23862.86,1.4779,8.3724,10.080078554352891
6586,2016,AMRJ,29.4739,1.7517,9.8246,76.0987,18.4233,25.7705,29507.6,1.3988,7.0848,10.292403136266389
6587,2017,AMRJ,35.3284,2.084,11.7761,78.5972,14.6432,20.3226,35845.7,1.3879,5.863,10.48697889462189
6588,2018,AMRJ,35.4391,2.4162,11.813,78.5972,12.1582,17.0445,41685.5,1.4019,4.623,10.6379086254951
6589,2019,AMRJ,35.4391,2.4162,11.813,78.5972,11.1546,15.4081,44957.0,1.3813,3.6874,10.713461756362648
6590,2020,AMRJ,35.4391,2.4162,11.813,78.5972,13.9173,18.9061,50004.0,1.3585,2.2339,10.819858281210454
6591,2021,AMRJ,35.4391,2.4162,11.813,78.5972,11.9813,16.4477,57968.9,1.3728,3.4641,10.967661938821676
6592,2022,AMRJ,34.584,2.4162,11.528,78.5972,8.4214,11.6992,63761.0,1.3892,2.0126,11.062896997155411
6593,2023,AMRJ,34.584,2.4162,11.528,78.5972,10.2894,14.0997,71238.5,1.3703,1.8666,11.173788681595177
6783,2003,MAHGL,24.3134,0.3322,8.1045,63.5762,18.399,28.4288,-24460.1252,1.5604,11.3257,10.104799527788979
6784,2004,MAHGL,24.3134,0.3322,8.1045,63.5762,18.2208,28.0539,-20536.9897,1.5531,10.8651,9.92998291480615
6785,2005,MAHGL,24.3134,0.3322,8.1045,63.5762,18.0426,27.679,-16613.8541,1.5459,10.4045,9.717992210610126
6786,2006,MAHGL,24.3134,0.3322,8.1045,63.5762,17.8644,27.3041,-12690.7186,1.5386,9.9439,9.448626186370733
6787,2007,MAHGL,24.3134,0.3322,8.1045,63.5762,17.6862,26.9293,-8767.5831,1.5313,9.4833,9.078816460155899
6788,2008,MAHGL,24.3134,0.3322,8.1045,63.5762,17.508,26.5544,-4844.4476,1.524,9.0227,8.48558850337684
6789,2009,MAHGL,24.3134,0.3322,8.1045,63.5762,17.3298,26.1795,-921.3121,1.5167,8.562,6.825798849644184
6790,2010,MAHGL,24.3134,0.3322,8.1045,63.5762,17.1516,25.8046,3001.8235,1.5094,8.1014,8.006975216327723
6791,2011,MAHGL,24.3134,0.3322,8.1045,63.5762,16.9734,25.4297,6924.959,1.5021,7.6408,8.842887410460396
6792,2012,MAHGL,24.3134,0.3322,8.1045,63.5762,16.7952,25.0548,15462.72,1.4948,7.1802,9.646187244570424
6793,2013,MAHGL,24.3134,0.3322,8.1045,63.5762,17.9324,26.5378,17829.7,1.4799,6.7196,9.78862088514076
6794,2014,MAHGL,24.3134,0.3322,8.1045,63.5762,15.8226,23.9757,19743.01,1.5153,6.2589,9.890554783632737
6795,2015,MAHGL,24.3134,0.3322,8.1045,63.5762,14.5415,22.2599,21655.85,1.5308,5.7983,9.983030904783263
6796,2016,MAHGL,24.3134,0.3322,8.1045,63.5762,13.7073,19.8276,23704.827,1.4465,5.3377,10.073433977271199
6797,2017,MAHGL,24.3134,0.3322,8.1045,63.5762,15.7537,22.0502,26242.495,1.3997,4.8067,10.175135322379306
6798,2018,MAHGL,24.3134,0.3322,8.1045,63.5762,16.9624,24.2859,30102.359,1.4317,4.5164,10.312358819759059
6799,2019,MAHGL,24.3134,0.3322,8.1045,63.5762,16.939,24.3152,34410.244,1.4355,4.3444,10.446109589728316
6800,2020,MAHGL,24.3134,0.3322,8.1045,63.5762,20.9672,29.6554,41280.255,1.4144,2.738,10.628139577461946
6801,2021,MAHGL,24.3134,0.3322,8.1045,63.5762,14.1956,20.0347,46011.427,1.4113,3.5722,10.7366450576653
6802,2022,MAHGL,24.3134,0.3322,8.1045,63.5762,12.1393,17.4809,52338.091,1.44,2.1392,10.865479702358222
6803,2023,MAHGL,24.3134,0.3322,8.1045,63.5762,14.0252,20.4371,60323.1,1.4572,2.3498,11.007470393934229
8295,2003,MRL,28.5705,21.5107,9.5235,44.6429,-8.8096,-48.9088,79173.6466,2.049,0.9719,11.279398777481138
8296,2004,MRL,28.0362,20.5279,9.3454,44.6429,-8.082,-45.1353,83065.1031,2.2574,0.9709,11.327379954016463
8297,2005,MRL,27.502,19.545,9.1673,44.6429,-7.3543,-41.3618,86956.5595,2.4658,0.9699,11.373163956844975
8298,2006,MRL,26.9678,18.5622,8.9893,44.6429,-6.6267,-37.5884,90848.016,2.6742,0.9689,11.416943235391035
8299,2007,MRL,26.4335,17.5794,8.8112,44.6429,-5.899,-33.8149,94739.4725,2.8826,0.9679,11.458886008592282
8300,2008,MRL,25.8993,16.5965,8.6331,44.6429,-5.1714,-30.0415,98630.9289,3.091,0.9669,11.499140171930659
8301,2009,MRL,24.3802,13.1783,8.1267,44.6429,-4.4437,-26.268,72818.295,3.2994,0.4583,11.195722507558035
8302,2010,MRL,26.0331,17.0543,8.6777,44.6429,7.0081,18.4772,99330.181,2.6365,1.2684,11.506204741416541
8303,2011,MRL,24.7934,14.7287,8.2645,44.6429,4.6104,14.1539,122569.9,3.07,0.8822,11.716436758474554
8304,2012,MRL,24.7934,14.7287,8.2645,44.6429,0.4542,1.6358,149673.686,3.6016,0.6012,11.916212776733804
8305,2013,MRL,24.7934,14.7287,8.2645,44.6429,-12.1564,-60.722,141011.12,4.9951,0.8995,11.856594031498831
8306,2014,MRL,24.7934,14.7287,8.2645,44.6429,-12.1564,-60.722,141011.12,4.9951,0.8995,11.856594031498831
8307,2015,MRL,19.4215,4.6512,6.4738,44.6429,-12.1564,-60.722,109546.212,4.9951,0.615,11.604101766607439
8308,2016,MRL,19.4215,4.6512,6.4738,44.6429,7.1194,48.7558,104390.968,6.8483,2.0195,11.555898437278213
8309,2017,MRL,19.4215,4.6512,6.4738,44.6429,9.5261,42.8038,116228.638,4.4933,1.5711,11.663314547424038
8310,2018,MRL,19.4215,4.6512,6.4738,44.6429,7.152,24.9317,143059.99,3.486,1.2196,11.871019331761632
8311,2019,MRL,19.4215,4.6512,6.4738,44.6429,-1.4457,-5.5101,141023.2,3.8114,1.1774,11.85667969483234
8312,2020,MRL,19.4215,4.6512,6.4738,44.6429,-15.2675,-85.402,128359.2,5.5937,0.6633,11.762587862733197
8313,2021,MRL,19.4215,4.6512,6.4738,44.6429,1.9013,17.3212,142250.3,9.11,0.9256,11.865343460949447
8314,2022,MRL,19.4215,4.6512,6.4738,44.6429,8.5287,58.8104,174804.8,6.8956,0.6364,12.071425201780787
8315,2023,MRL,19.4215,4.6512,6.4738,44.6429,21.0733,74.6481,160361.1,3.5423,0.5462,11.985183426298892
11025,2003,HOE,17.1488,-1.2096,5.7163,56.8328,5.4486,6.3981,2115.6245,1.1743,0.4957,7.657105319763832
11026,2004,HOE,18.0165,-0.9712,6.0055,58.0577,9.6832,11.5728,2445.5598,1.1951,2.2995,7.80202933275752
11027,2005,HOE,18.8843,-0.7328,6.2948,59.2826,13.3926,18.0246,3329.0376,1.3459,2.7129,8.110438532194328
11028,2006,HOE,19.752,-0.4944,6.584,60.5075,5.3763,7.909,3629.617,1.4711,3.6347,8.19688241205049
11029,2007,HOE,20.6197,-0.256,6.8732,61.7324,0.5232,0.818,6282.7867,1.5633,1.3741,8.745568903076078
11030,2008,HOE,22.7241,0.0,7.5747,68.0012,2.6705,3.6766,13026.8111,1.3767,1.3488,9.474764904939939
11031,2009,HOE,24.6957,1.0873,8.2319,68.0012,3.7531,5.2515,16006.1557,1.3992,0.7347,9.680728658481828
11032,2010,HOE,24.6957,1.0873,8.2319,68.0012,2.5076,4.0549,19112.0155,1.617,2.6955,9.858072500014107
11033,2011,HOE,25.6212,1.0873,8.5404,68.0012,4.2333,7.1219,19409.3979,1.6824,2.2166,9.873512655589186
11034,2012,HOE,25.6212,1.0873,8.5404,68.0012,1.7514,2.8811,20034.673,1.645,1.2025,9.905219701499565
11035,2013,HOE,24.6957,1.0873,8.2319,65.2318,-29.3798,-58.827,17582.3691,2.0023,1.0278,9.774651923251858
11036,2014,HOE,25.6212,1.0873,8.5404,68.0012,-7.235,-20.6439,16619.8521,2.8533,1.1541,9.718353169452875
11037,2015,HOE,26.8585,1.0873,8.9528,71.0716,-116.3296,-298.6789,4348.2044,2.5675,1.7106,8.377518257255755
11038,2016,HOE,24.3336,1.0873,8.1112,66.0747,1.0837,1.7129,4914.637,1.5806,1.3506,8.49997317430956
11039,2017,HOE,25.1886,1.0873,8.3962,66.0747,7.0978,11.154,5247.564,1.5715,3.022,8.565519247904358
11040,2018,HOE,25.7922,1.0873,8.5974,66.0747,7.0246,10.357,5435.229,1.4744,3.7611,8.600656932982313
11041,2019,HOE,28.3271,2.4162,9.4424,72.3359,24.5358,33.9475,7341.475,1.3836,3.1329,8.901295055098549
11042,2020,HOE,34.7551,2.4162,11.585,84.8585,15.544,22.5524,10358.426,1.4509,0.6761,9.245555573768936
11043,2021,HOE,35.0367,3.2619,11.6789,84.8585,4.8104,7.5617,11851.492,1.572,1.7523,9.38020904581063
11044,2022,HOE,36.9782,4.6814,12.3261,84.8585,1.4742,2.6904,15272.425,1.8249,3.8613,9.633804193724501
11045,2023,HOE,36.9782,4.6814,12.3261,84.8585,11.4905,22.8248,18502.854,1.9864,1.6784,9.825680269438251
