,Year,Company Name,ESG_DISCLOSURE_SCORE,ENVIRON_DISCLOSURE_SCORE,SOCIAL_DISCLOSURE_SCORE,GOVNCE_DISCLOSURE_SCORE,FNCL_LVRG,RETURN_ON_ASSET,BS_TOT_ASSET,PX_TO_BOOK_RATIO,Firm size,Liquidity
630,2003,ADSEZ,,,,,3.1481,7.8957,-287104.9929,8.3624,12.5676,1.8398464539190005
631,2004,ADSEZ,-2.6226,-34.3423,-0.8742,53.6856,3.113,7.8421,-224836.2282,8.056,12.3231,1.9053994720412215
632,2005,ADSEZ,1.1542,-29.3192,0.3847,55.459,3.0779,7.7886,-162567.4635,7.7497,11.9988,2.044497377139468
633,2006,ADSEZ,4.931,-24.296,1.6437,57.2325,3.0428,7.735,30197.9004,7.4433,10.3155,1.937986852110697
634,2007,ADSEZ,8.7078,-19.2729,2.9026,59.0059,2.6499,4.7196,58969.946,8.8601,10.9848,5.704259065086672
635,2008,ADSEZ,21.8891,0.0,7.2964,65.5027,2.346,6.6509,71094.988,4.426,11.1718,2.86722562542939
636,2009,ADSEZ,21.8891,0.0,7.2964,65.5027,2.4807,8.5452,87122.604,9.1676,11.3751,1.032211915494763
637,2010,ADSEZ,21.8891,0.0,7.2964,65.5027,2.3873,10.0706,95219.282,6.5383,11.4639,0.3111877055879011
638,2011,ADSEZ,23.2773,0.0,7.7591,65.5027,3.9378,6.2197,259160.7,5.391,12.4652,0.612168284789644
639,2012,ADSEZ,23.2773,0.0,7.7591,65.5027,4.192,6.9109,210595.9,4.4908,12.2577,1.6675839770550689
640,2013,ADSEZ,28.2165,1.0873,9.4055,68.6334,3.0172,7.6072,246771.6,4.4269,12.4162,2.0168228452905663
641,2014,ADSEZ,31.355,1.0873,10.4517,78.0253,2.9062,8.1549,320821.9,5.9265,12.6786,1.2416550866671543
642,2015,ADSEZ,28.3774,1.5705,9.4591,66.0747,2.9326,8.197,386059.9,3.8455,12.8637,0.8939754062551838
643,2016,ADSEZ,34.1113,17.759,11.3704,66.0747,2.6773,9.5181,435850.8,4.0512,12.9851,1.8162878990102056
644,2017,ADSEZ,42.9937,29.9003,14.3312,72.3359,2.3772,8.0774,473751.2,3.5082,13.0684,3.5637422174329503
645,2018,ADSEZ,51.5139,51.8876,17.1713,72.3359,2.2949,7.6807,565274.6,3.2132,13.2451,1.4134059269549224
646,2019,ADSEZ,59.32,50.1661,19.7733,84.8585,2.3828,6.3389,622036.7,2.0057,13.3408,1.9255463868500755
647,2020,ADSEZ,59.6318,46.7834,19.8773,84.8585,2.4628,7.2556,754636.6,4.688,13.534,1.783844553928648
648,2021,ADSEZ,62.6496,52.2199,20.8832,84.8585,2.4182,5.5793,996858.2,3.8949,13.8124,1.5910705788079738
649,2022,ADSEZ,71.2906,61.1598,23.7635,89.8555,2.4505,4.9491,1149051.3,2.9945,13.9544,1.349950791361563
650,2023,ADSEZ,71.2906,61.1598,23.7635,89.8555,2.9726,7.6279,-38029.9341,6.8306,10.5461,-1.517446982809692
1218,2003,INDIGO,0.0,0.0,0.0,0.0,22.4839,33.9465,-412706.1162,-1413.1189,12.9305,1.0253612533431913
1219,2004,INDIGO,18.128,-22.4275,6.0427,95.1944,21.7722,31.9094,-366910.3033,-1314.2255,12.8129,1.0146764792761287
1220,2005,INDIGO,19.291,-20.7232,6.4303,94.3021,21.0604,29.8723,-321114.4904,-1215.3322,12.6796,1.0011590114829672
1221,2006,INDIGO,20.4539,-19.0189,6.818,93.4097,20.3487,27.8351,-275318.6776,-1116.4389,12.5257,0.9835102239999536
1222,2007,INDIGO,21.6168,-17.3146,7.2056,92.5174,19.637,25.798,-229522.8647,-1017.5455,12.3438,0.9594945140928428
1223,2008,INDIGO,22.7798,-15.6104,7.5933,91.6251,18.9253,23.7609,-183727.0519,-918.6522,12.1212,0.924908271468634
1224,2009,INDIGO,23.9427,-13.9061,7.9809,90.7328,18.2136,21.7238,-137931.239,-819.7589,11.8345,0.8708032741248531
1225,2010,INDIGO,25.1056,-12.2018,8.3685,89.8404,17.5018,19.6866,-92135.4262,-720.8655,11.431,0.7741611978001678
1226,2011,INDIGO,26.2686,-10.4975,8.7562,88.9481,16.7901,17.6495,29194.5,-621.9722,10.2817,1.3655345857301322
1227,2012,INDIGO,27.4315,-8.7932,9.1438,88.0558,18.9744,4.2822,36470.61,-523.0789,10.5043,1.7383081939959235
1228,2013,INDIGO,28.5944,-7.089,9.5315,87.1635,15.0219,16.4925,58524.93,-424.1855,10.9772,1.6350835491217504
1229,2014,INDIGO,29.7574,-5.3847,9.9191,86.2712,18.4461,6.3445,91034.36,-325.2922,11.419,1.0226824249977544
1230,2015,INDIGO,30.9203,-3.6804,10.3068,85.3788,23.4412,13.0359,107737.7,-226.3989,11.5875,1.074257034608364
1231,2016,INDIGO,32.0832,-1.9761,10.6944,84.4865,10.5255,16.7253,130191.11,17.1546,11.7768,1.4051588183670634
1232,2017,INDIGO,34.8959,1.5705,11.632,83.5942,5.0288,11.755,152097.36,10.0564,11.9323,1.97432109664534
1233,2018,INDIGO,34.8959,1.5705,11.632,83.5942,3.3472,12.3411,211292.96,7.0091,12.261,2.3895940132937388
1234,2019,INDIGO,35.7509,1.5705,11.917,83.5942,3.2914,0.6814,250268.42,7.9039,12.4303,2.2617029754982174
1235,2020,INDIGO,34.9361,4.1377,11.6454,78.5972,5.2347,-0.6962,421010.78,6.9724,12.9504,1.366175962244284
1236,2021,INDIGO,35.087,4.1377,11.6957,78.5972,14.2186,-13.6378,430511.53,566.6242,12.9727,1.099886692300847
1237,2022,INDIGO,38.0847,9.5439,12.6949,78.5972,14.2186,-13.8447,459625.98,566.6242,13.0382,0.9023844700974344
1238,2023,INDIGO,42.4404,11.5071,14.1468,78.5972,14.2186,-0.5817,591698.19,566.6242,13.2908,1.0963294593894986
3108,2003,CCRI,0.0,0.0,0.0,0.0,1.2121,22.6997,6628.488,3.4822,8.7991,13.679157311087907
3109,2004,CCRI,12.6128,-0.0249,4.2043,43.2928,1.2108,21.8176,13324.8253,3.4563,9.4974,9.219381873027332
3110,2005,CCRI,13.9794,0.0236,4.6598,45.2512,1.2095,20.9355,20021.1625,3.4304,9.9045,7.1728878848443145
3111,2006,CCRI,15.346,0.0721,5.1153,47.2097,1.2081,20.0535,26717.4998,3.4045,10.1931,5.9979796716674585
3112,2007,CCRI,16.7126,0.1206,5.5709,49.1682,1.2068,19.1714,32898.6992,4.8145,10.4012,2.9544155514283816
3113,2008,CCRI,18.0792,0.1691,6.0264,51.1266,1.2472,20.3118,39381.5,3.5432,10.5811,3.4633795114837764
3114,2009,CCRI,18.5595,0.4228,6.1865,51.9266,1.2378,18.2525,45993.1,2.504,10.7362,3.4571446856850288
3115,2010,CCRI,19.0826,0.4228,6.3609,51.9266,1.2181,15.9026,51805.8,3.9871,10.8553,4.051102649531969
3116,2011,CCRI,19.0826,0.4228,6.3609,51.9266,1.1856,16.0073,57690.5,3.1584,10.9628,5.619831584814762
3117,2012,CCRI,20.008,0.4228,6.6693,54.696,1.1699,14.1023,65078.4,2.2342,11.0833,5.143497197808202
3118,2013,CCRI,24.1726,0.4228,8.0575,63.0042,1.1669,13.5449,72332.4,2.1534,11.189,5.031533081068685
3119,2014,CCRI,27.291,0.4228,9.097,63.0042,1.1853,12.1826,82683.2,2.7591,11.3228,3.954947838007389
3120,2015,CCRI,28.2165,0.4228,9.4055,63.0042,1.2009,12.2166,89941.6,4.1084,11.4069,3.448935213741336
3121,2016,CCRI,35.3184,0.4228,11.7728,76.0987,1.1738,10.4,95809.0,2.9182,11.4701,1.8539144688226363
3122,2017,CCRI,35.3184,0.4228,11.7728,76.0987,1.154,8.7017,101270.1,2.8317,11.5255,3.1620101853161695
3123,2018,CCRI,35.3184,0.4228,11.7728,76.0987,1.1633,10.1578,109196.0,3.2553,11.6009,2.8044804592169936
3124,2019,CCRI,35.3184,0.4228,11.7728,76.0987,1.2072,10.3657,128003.2,3.0992,11.7598,2.322762326045683
3125,2020,CCRI,35.3184,0.4228,11.7728,76.0987,1.2069,3.2821,117886.4,2.0115,11.6775,2.4876633417730125
3126,2021,CCRI,35.3184,0.4228,11.7728,76.0987,1.196,4.1759,124103.3,3.5766,11.7289,2.41949968410602
3127,2022,CCRI,35.6,1.2685,11.8667,76.0987,1.2134,8.3042,130014.5,3.8077,11.7754,2.5815012331106004
3128,2023,CCRI,35.6,1.2685,11.8667,76.0987,1.204,8.8706,134649.4,3.1493,11.8104,3.052481891303382
3297,2003,GMRI,0.0,0.0,0.0,0.0,6.7617,1.8681,24939.6094,3.5716,10.1242,1.6009599728417518
3298,2004,GMRI,13.1539,-14.3747,4.3846,50.2351,7.5397,2.7288,24899.5508,3.4848,10.1226,1.6139794913618348
3299,2005,GMRI,14.5955,-12.8064,4.8652,52.3047,6.8174,2.4227,32100.1895,3.398,10.3766,1.1336546572414663
3300,2006,GMRI,16.0372,-11.2381,5.3457,54.3742,7.3801,1.8585,43822.08,3.3112,10.6879,1.891294211143053
3301,2007,GMRI,17.4789,-9.6697,5.8263,56.4437,4.4358,3.0688,69856.2,5.9876,11.1542,2.224695819042953
3302,2008,GMRI,18.9206,-8.1014,6.3069,58.5132,2.9103,2.7108,166152.8,4.4317,12.0207,3.2470966418818055
3303,2009,GMRI,20.3623,-6.5331,6.7874,60.5827,3.0911,1.4363,222967.8,2.6686,12.3148,1.495047582693852
3304,2010,GMRI,21.804,-4.9648,7.268,62.6523,4.0553,0.5857,317937.3,3.3485,12.6696,0.6299443193573906
3305,2011,GMRI,21.3761,0.7551,7.1254,55.2077,5.0316,-2.5424,413376.4,2.0561,12.9321,0.8617746362554349
3306,2012,GMRI,21.3761,0.7551,7.1254,55.2077,6.4167,-1.2368,562282.0,1.6034,13.2398,0.5348292678288507
3307,2013,GMRI,26.4863,0.7551,8.8288,70.4997,8.1024,0.1468,638169.9,1.1552,13.3664,0.5333109925501229
3308,2014,GMRI,29.8461,1.0873,9.9487,78.0253,9.3709,0.0155,651418.5,1.3118,13.3869,0.5061184965885546
3309,2015,GMRI,30.1881,1.0873,10.0627,78.0253,10.7602,-4.145,667429.4,1.254,13.4112,0.5378745445125744
3310,2016,GMRI,30.7213,1.0873,10.2404,78.5972,11.698,-4.3083,591766.4,1.4029,13.2909,0.7595183849918148
3311,2017,GMRI,34.3024,2.7786,11.4341,84.8585,9.3196,-1.1721,371237.7,1.8078,12.8246,1.1013852394060728
3312,2018,GMRI,33.5479,1.933,11.1826,84.8585,8.2321,-3.6171,382869.9,2.6636,12.8555,1.1393460207229822
3313,2019,GMRI,33.5479,1.933,11.1826,84.8585,23.3093,-9.1294,401535.9,2.6636,12.9031,0.7480126081096259
3314,2020,GMRI,38.6782,16.3093,12.8927,84.8585,23.3093,-5.6054,465268.0,2.6636,13.0504,0.7542946175913582
3315,2021,GMRI,39.0202,16.3093,13.0067,84.8585,23.3093,-5.7982,499602.7,2.6636,13.1216,1.0293083468013968
3316,2022,GMRI,39.1812,16.7925,13.0604,84.8585,23.3093,-2.3505,371102.1,2.6636,12.8242,1.032847839068448
3317,2023,GMRI,39.1812,16.7925,13.0604,84.8585,23.3093,-0.4414,441114.3,2.6636,12.9971,0.9778966881931724
5733,2003,BDE,0.0,0.0,0.0,0.0,2.1402,7.4943,2398.708,1.1341,7.7827,0.9511912635118238
5734,2004,BDE,8.5014,-11.6437,2.8338,58.2737,2.1597,10.2381,2856.251,2.2425,7.9573,0.903076874369632
5735,2005,BDE,10.2813,-10.364,3.4271,59.6213,1.8166,14.7227,3173.276,4.0852,8.0625,1.42355367467366
5736,2006,BDE,12.0612,-9.0843,4.0204,60.9689,1.4763,15.2572,3529.067,5.1338,8.1688,2.181192102904512
5737,2007,BDE,13.8411,-7.8046,4.6137,62.3166,1.3776,18.1166,4332.85,5.5116,8.374,2.176610789079629
5738,2008,BDE,15.621,-6.5249,5.207,63.6642,1.3271,16.4498,5145.842,2.5459,8.5459,2.61359029055399
5739,2009,BDE,21.8891,0.0,7.2964,65.5027,1.291,11.1801,5799.621,3.6808,8.6655,2.6801000740586014
5740,2010,BDE,21.8891,0.0,7.2964,65.5027,1.2823,14.7972,7000.287,5.1038,8.8537,2.075533811965607
5741,2011,BDE,21.8891,0.0,7.2964,65.5027,1.2804,16.0484,8476.963,5.6593,9.0451,2.021064917398169
5742,2012,BDE,21.8891,0.0,7.2964,65.5027,1.2804,16.0484,10507.3,8.4801,9.2598,1.4447196081668592
5743,2013,BDE,21.8891,0.0,7.2964,65.5027,1.5281,12.3157,9402.2,13.7313,9.1487,1.6385827354094236
5744,2014,BDE,25.2389,0.0,8.413,75.5268,2.0294,13.4137,9881.1,56.3687,9.1984,1.659137957670323
5745,2015,BDE,29.0112,0.4228,9.6704,78.5972,3.2748,17.3897,12687.4,37.5894,9.4484,1.7443506809962297
5746,2016,BDE,29.0112,0.4228,9.6704,78.5972,3.2874,10.4852,13986.3,28.7483,9.5458,1.1958580649346435
5747,2017,BDE,30.8721,0.4228,10.2907,78.5972,3.018,9.9759,15025.5,16.8152,9.6175,1.1534299968818211
5748,2018,BDE,30.8721,0.4228,10.2907,78.5972,2.9867,5.4173,18112.6,14.7605,9.8044,1.0972605351808302
5749,2019,BDE,30.3491,0.4228,10.1164,78.5972,4.1664,-1.8805,26407.9,10.6308,10.1814,0.764496401733951
5750,2020,BDE,30.3491,0.4228,10.1164,78.5972,5.1148,3.6766,28974.3,22.344,10.2742,0.8371339795594194
5751,2021,BDE,33.3166,2.7484,11.1055,78.5972,3.9115,13.3495,28287.6,18.673,10.2502,0.8456449661371173
5752,2022,BDE,42.6114,12.0809,14.2038,78.5972,2.9499,12.2453,32230.4,12.4979,10.3807,0.9502536160450236
5753,2023,BDE,56.8253,38.3268,18.9418,84.8585,1.1773,14.6926,-453.7471,3.7784,6.1175,-0.3673344858856291
6237,2003,REDI,0.0,0.0,0.0,0.0,2.641,4.9653,2385.22,2.6889,7.777,2.710879108865188
6238,2004,REDI,8.407,-14.324,2.8023,53.5671,2.7668,5.5308,3007.0901,2.6201,8.0087,2.2945129766100605
6239,2005,REDI,10.2432,-12.4764,3.4144,55.1616,2.4236,8.2416,7600.2598,2.5513,8.9359,3.44409364210784
6240,2006,REDI,12.0795,-10.6288,4.0265,56.7561,2.5153,6.7771,13671.64,2.4825,9.5231,2.8033108595137217
6241,2007,REDI,13.9157,-8.7812,4.6386,58.3505,2.5439,6.4121,18048.787,1.4534,9.8008,2.9304714238764538
6242,2008,REDI,19.3441,0.4228,6.448,57.4654,2.7135,6.891,21444.663,3.9862,9.9732,2.9529954391614233
6243,2009,REDI,21.1951,0.4228,7.065,63.0042,2.9969,6.1816,30212.433,0.8508,10.316,3.690424549781794
6244,2010,REDI,21.1951,0.4228,7.065,63.0042,3.2028,5.5395,36339.21,2.7179,10.5007,3.0219613846124247
6245,2011,REDI,21.1951,0.4228,7.065,63.0042,3.8123,5.2339,50020.553,2.667,10.8202,2.5767145433267555
6246,2012,REDI,21.1951,0.4228,7.065,63.0042,4.185,5.5691,55110.554,2.6636,10.9171,1.4614587712796492
6247,2013,REDI,21.4063,0.4228,7.1354,63.0042,4.0614,5.3696,65236.749,1.9682,11.0858,1.4089996314892292
6248,2014,REDI,25.7218,0.4228,8.5739,75.5268,3.7777,4.867,73101.65,1.5574,11.1996,1.426196461072892
6249,2015,REDI,25.7218,0.4228,8.5739,75.5268,3.5703,4.9261,83829.115,2.2097,11.3365,1.4497672763084968
6250,2016,REDI,26.7679,0.4228,8.9226,76.0987,3.5517,4.4799,105248.803,1.5542,11.5641,1.3863175761246396
6251,2017,REDI,28.307,0.4228,9.4357,76.0987,3.3909,4.4906,101501.9,1.3979,11.5278,1.4538013457868837
6252,2018,REDI,33.2964,2.084,11.0988,76.0987,3.1467,4.5838,108647.9,1.6639,11.5959,1.4845597907042245
6253,2019,REDI,39.7344,16.4603,13.2448,78.5972,3.1312,4.3613,124206.8,1.0215,11.7297,1.451337461100069
6254,2020,REDI,39.7344,16.4603,13.2448,78.5972,3.2961,3.8055,146562.3,0.6195,11.8952,1.411735876602899
6255,2021,REDI,39.8451,16.7925,13.2817,78.5972,3.1607,5.1784,145570.7,1.5056,11.8884,1.5253006524893404
6256,2022,REDI,40.68,16.7925,13.56,81.0957,3.0762,7.7634,184159.0,1.958,12.1236,1.4591054672796686
6257,2023,REDI,42.1185,20.1752,14.0395,83.5942,3.2802,6.6791,232832.1,1.8802,12.3581,1.416002880935613
6405,2003,FSOL,0.0,0.0,0.0,0.0,3.457,2.2608,2048.1499,0.7296,7.6247,4.097126181564423
6406,2004,FSOL,1.5125,-37.4282,0.5042,75.6545,6.0249,0.2572,2702.28,0.7832,7.9019,2.626309191637349
6407,2005,FSOL,3.4861,-34.6808,1.162,75.8211,3.435,4.1341,5827.1802,0.8368,8.6703,1.8070009885863216
6408,2006,FSOL,5.4598,-31.9333,1.8199,75.9877,2.8627,3.8231,6864.6201,0.8903,8.8341,1.3724958748967937
6409,2007,FSOL,7.4334,-29.1859,2.4778,76.1542,1.6079,9.2956,14059.9512,2.8796,9.5511,4.299508613577972
6410,2008,FSOL,9.4071,-26.4385,3.1357,76.3208,2.2197,6.5614,26040.9395,2.1134,10.1674,0.7698285562155901
6411,2009,FSOL,11.3807,-23.6911,3.7936,76.4874,2.6646,1.0862,30433.798,0.4796,10.3233,0.3508867991840929
6412,2010,FSOL,13.3543,-20.9437,4.4514,76.6539,2.1519,4.5106,29900.32,0.8648,10.3056,0.5697630134682756
6413,2011,FSOL,15.328,-18.1963,5.1093,76.8205,2.1891,4.4447,32425.658,0.5433,10.3867,0.6558347462739602
6414,2012,FSOL,17.3016,-15.4489,5.7672,76.9871,2.5149,1.7293,39314.87,0.2877,10.5794,0.8537859890351321
6415,2013,FSOL,19.2753,-12.7014,6.4251,77.1536,2.3235,4.0141,33723.88,0.3915,10.426,0.903858929930429
6416,2014,FSOL,21.2489,-9.954,7.083,77.3202,1.8559,5.4649,36894.52,0.7965,10.5158,0.869297913330839
6417,2015,FSOL,23.2226,-7.2066,7.7409,77.4868,1.7023,6.5857,34265.37,0.9841,10.4419,0.854970301674282
6418,2016,FSOL,25.43,0.0,8.4767,76.0987,1.7081,7.8901,31763.43,1.2712,10.3661,0.8766563722350922
6419,2017,FSOL,26.265,0.0,8.755,78.5972,1.7154,8.5797,33506.18,1.4009,10.4195,0.8599124864185104
6420,2018,FSOL,28.8603,0.0,9.6201,78.5972,1.5408,9.6772,33975.7,1.5472,10.4334,0.8030743271093
6421,2019,FSOL,31.9787,0.7551,10.6596,78.5972,1.3944,10.682,36757.47,1.1973,10.5121,0.9511679869089786
6422,2020,FSOL,32.4213,2.084,10.8071,78.5972,1.5061,8.2221,45870.51,0.6887,10.7336,0.8297672824979487
6423,2021,FSOL,34.8456,2.084,11.6152,78.5972,1.6922,7.6818,48296.92,2.8324,10.7851,0.8785180692804395
6424,2022,FSOL,39.5131,16.6415,13.171,78.5972,1.8069,10.1984,57086.91,2.8737,10.9523,0.9258912999431242
6425,2023,FSOL,39.2516,18.6047,13.0839,78.5972,1.7771,9.034,56643.69,2.1812,10.9445,0.9029239818575144
6510,2003,GESCO,0.0,0.0,0.0,0.0,2.2662,8.6402,26238.9004,0.6178,10.175,3.472700550426136
6511,2004,GESCO,5.7563,-16.3772,1.9188,45.549,2.3103,14.2887,34788.2,1.648,10.457,1.6446182949116674
6512,2005,GESCO,7.8322,-14.4783,2.6107,47.816,2.2325,20.5207,46767.3984,1.3395,10.7529,3.821390241992326
6513,2006,GESCO,9.9081,-12.5793,3.3027,50.083,2.026,-4.6203,46577.4,1.6461,10.7489,4.521025241421534
6514,2007,GESCO,11.984,-10.6803,3.9947,52.35,1.873,17.5662,57307.4,0.9886,10.9562,4.822137991963293
6515,2008,GESCO,14.0599,-8.7813,4.6866,54.6169,1.7845,21.8416,75773.8,1.3258,11.2355,3.789935846030473
6516,2009,GESCO,21.0542,0.0,7.0181,63.0042,1.9002,15.6037,105956.4,0.5523,11.5708,2.6850631962296485
6517,2010,GESCO,21.0542,0.0,7.0181,63.0042,2.053,4.5653,118678.1,0.7847,11.6842,5.367871377257295
6518,2011,GESCO,22.2312,0.3322,7.4104,63.0042,2.0892,3.8218,126601.4,0.6645,11.7488,2.8768111207304923
6519,2012,GESCO,23.2371,0.3322,7.7457,63.0042,2.1903,2.4034,136813.9,0.6209,11.8264,2.1300278957192376
6520,2013,GESCO,23.2371,0.3322,7.7457,63.0042,2.28,3.8233,144490.4,0.5527,11.881,1.9334986992053251
6521,2014,GESCO,23.3779,0.7551,7.7926,63.0042,2.198,3.9822,143767.3,0.7581,11.876,1.5426580315466638
6522,2015,GESCO,27.5626,0.7551,9.1875,75.5268,2.106,5.003,155351.5,0.7423,11.9534,1.6309952348640806
6523,2016,GESCO,24.9572,0.7551,8.3191,63.5762,2.1057,7.4452,139328.3,0.7163,11.8446,1.9001731439180591
6524,2017,GESCO,27.804,3.5941,9.268,63.5762,2.1278,5.1471,154022.8,0.8704,11.9449,2.097216588602487
6525,2018,GESCO,32.4917,5.0136,10.8306,72.3359,2.1247,-1.4002,146638.5,0.7187,11.8957,2.806150311658475
6526,2019,GESCO,36.6764,5.0136,12.2255,84.8585,2.1135,-0.1478,143702.2,0.6308,11.8755,2.0679376772415883
6527,2020,GESCO,36.6764,5.0136,12.2255,84.8585,2.0729,1.4689,138328.2,0.4451,11.8374,3.4875833608186055
6528,2021,GESCO,39.0605,5.3458,13.0202,89.8555,1.9296,6.5659,141456.1,0.5965,11.8597,3.5451862242288756
6529,2022,GESCO,48.3352,29.0245,16.1117,89.8555,1.7844,4.4794,139686.0,0.6124,11.8472,3.398259519982263
6530,2023,GESCO,49.7636,30.746,16.5879,89.8555,1.5921,17.6505,152091.2,0.8955,11.9322,4.521885006264792
7539,2003,ECLX,0.0,0.0,0.0,0.0,1.3428,48.2595,-7754.5109,5.4435,8.956,7.6007678780063985
7540,2004,ECLX,-48.3412,-121.9209,-16.1137,83.5942,1.3387,46.624,-6254.7332,5.3508,8.7411,8.924731210174865
7541,2005,ECLX,-43.2804,-114.3643,-14.4268,83.5942,1.3345,44.9885,-4754.9555,5.258,8.4669,13.496574235758343
7542,2006,ECLX,-38.2195,-106.8076,-12.7398,83.5942,1.3303,43.353,-3255.1777,5.1653,8.088,-31.430984276719727
7543,2007,ECLX,-33.1586,-99.251,-11.0529,83.5942,1.3261,41.7175,-1755.4,5.0725,7.4705,-0.5137280816189183
7544,2008,ECLX,-28.0978,-91.6944,-9.3659,83.5942,1.322,40.082,1667.9399,3.5018,7.4193,4.124052195380004
7545,2009,ECLX,-23.0369,-84.1377,-7.679,83.5942,1.2754,32.4642,2138.22,1.3482,7.6677,3.779920695883245
7546,2010,ECLX,-17.9761,-76.5811,-5.992,83.5942,1.2607,31.9159,2469.95,4.7592,7.812,4.542673996561459
7547,2011,ECLX,-12.9152,-69.0245,-4.3051,83.5942,1.3686,40.8265,3528.06,7.8067,8.1685,2.5105046055966302
7548,2012,ECLX,-7.8543,-61.4678,-2.6181,83.5942,1.4003,39.2368,4615.97,6.2175,8.4373,3.5488545926219053
7549,2013,ECLX,-2.7935,-53.9112,-0.9312,83.5942,1.3611,32.2641,6021.37,4.1095,8.7031,2.9206207370931554
7550,2014,ECLX,2.2674,-46.3546,0.7558,83.5942,1.3565,36.6923,7913.75,5.4366,8.9764,3.0885605245131615
7551,2015,ECLX,7.3282,-38.798,2.4427,83.5942,1.3425,26.2405,9591.69,6.7304,9.1687,3.254875597566276
7552,2016,ECLX,12.3891,-31.2413,4.1297,83.5942,1.2351,32.6349,12654.27,4.8787,9.4457,5.817749678180649
7553,2017,ECLX,17.45,-23.6847,5.8167,83.5942,1.1574,26.5819,13982.42,4.6085,9.5456,7.433913343665302
7554,2018,ECLX,22.5108,-16.1281,7.5036,83.5942,1.1691,20.4989,14310.24,3.8039,9.5687,6.374634404109421
7555,2019,ECLX,27.5717,-8.5714,9.1906,83.5942,1.171,15.0757,15971.92,3.1398,9.6786,7.843711125534102
7556,2020,ECLX,33.2663,1.7517,11.0888,83.5942,1.2402,12.5397,17359.55,1.0099,9.7619,5.1016859349078
7557,2021,ECLX,36.9178,6.0103,12.3059,83.5942,1.3338,15.0937,20081.44,2.4992,9.9076,4.210528709891879
7558,2022,ECLX,40.8812,6.0103,13.6271,83.5942,1.329,20.4706,20699.14,5.0065,9.9378,4.206932992337533
7559,2023,ECLX,51.353,28.36,17.1177,83.5942,1.3276,22.435,22877.44,3.689,10.0379,3.915623813317117
7980,2003,SECIS,0.0,0.0,0.0,0.0,4.1907,4.274,-48273.6632,22.2979,10.7846,1.2855779417860094
7981,2004,SECIS,11.6741,0.0,3.8914,78.5972,4.1178,4.3918,-42954.9071,21.2724,10.6679,1.2790996410502455
7982,2005,SECIS,12.6247,0.0,4.2082,78.5972,4.045,4.5096,-37636.151,20.2469,10.5357,1.2705993389143668
7983,2006,SECIS,13.5753,0.0,4.5251,78.5972,3.9722,4.6273,-32317.3949,19.2215,10.3834,1.2589553185090316
7984,2007,SECIS,14.5259,0.0,4.842,78.5972,3.8993,4.7451,-26998.6388,18.196,10.2035,1.2420279739149909
7985,2008,SECIS,15.4765,0.0,5.1588,78.5972,3.8265,4.8629,-21679.8827,17.1705,9.9841,1.2151661760320536
7986,2009,SECIS,16.4271,0.0,5.4757,78.5972,3.7537,4.9806,-16361.1266,16.1451,9.7027,1.165992267661492
7987,2010,SECIS,17.3777,0.0,5.7926,78.5972,3.6808,5.0984,-11042.3705,15.1196,9.3095,1.0469599149061335
7988,2011,SECIS,18.3283,0.0,6.1094,78.5972,3.608,5.2162,-5723.6145,14.0941,8.6524,0.344174384409563
7989,2012,SECIS,19.2789,0.0,6.4263,78.5972,3.5352,5.334,-404.8584,13.0686,6.0035,2.0149316859933424
7990,2013,SECIS,20.2295,0.0,6.7432,78.5972,3.4623,5.4517,10372.86,12.0432,9.2469,1.392851542080502
7991,2014,SECIS,21.1801,0.0,7.06,78.5972,3.0172,6.289,11462.56,11.0177,9.3468,1.4149186465946382
7992,2015,SECIS,22.1307,0.0,7.3769,78.5972,3.2943,4.8252,14517.13,9.9922,9.5831,1.456159742579161
7993,2016,SECIS,23.0813,0.0,7.6938,78.5972,3.4406,5.2021,14598.26,8.9668,9.5887,1.412832213214904
7994,2017,SECIS,24.0319,0.0,8.0106,78.5972,3.3694,6.385,20440.48,7.9413,9.9253,1.4185038470811673
7995,2018,SECIS,24.9825,0.0,8.3275,78.5972,2.9886,6.6996,27940.87,7.9837,10.2378,1.6864902527758563
7996,2019,SECIS,25.9331,0.0,8.6444,78.5972,3.0807,6.15,42243.15,4.9767,10.6512,1.4786872791074472
7997,2020,SECIS,26.8837,0.0,8.9612,78.5972,3.3644,5.08,46521.23,4.5463,10.7477,1.2498168547932835
7998,2021,SECIS,27.8343,0.0,9.2781,78.5972,3.0107,7.5405,50398.23,3.1604,10.8277,1.3335541216774178
7999,2022,SECIS,28.468,0.0,9.4893,78.5972,2.5977,6.4141,50962.65,3.4432,10.8388,1.3078603094268002
8000,2023,SECIS,30.3692,0.0,10.1231,78.5972,2.454,6.4093,57127.04,2.0027,10.953,1.435004785857217
8043,2003,AGLL,0.0,0.0,0.0,0.0,1.2689,17.2879,-10417.2039,2.1238,9.2512,0.9435568333318838
8044,2004,AGLL,10.7481,2.2723,3.5827,40.006,1.3343,16.5751,-6348.8552,2.1055,8.756,0.906835385781724
8045,2005,AGLL,12.0065,2.2193,4.0022,41.9141,1.3997,15.8623,836.16,2.0872,6.7288,1.3021015761821366
8046,2006,AGLL,13.2648,2.1663,4.4216,43.8222,1.4659,33.0513,2107.239,2.0689,7.6531,2.095620092143539
8047,2007,AGLL,14.5232,2.1133,4.8411,45.7303,1.6844,14.3685,8549.271,3.8267,9.0536,1.4837546437498337
8048,2008,AGLL,16.6583,2.1444,5.5528,44.9428,1.9769,10.0567,12869.708,2.3395,9.4626,1.845212490019076
8049,2009,AGLL,18.5092,2.1444,6.1697,50.4816,1.7545,9.3023,15069.506,2.5004,9.6204,2.1326652570826767
8050,2010,AGLL,19.5554,2.1444,6.5185,53.6123,1.6482,9.3115,20568.536,1.6193,9.9315,1.8207600553567336
8051,2011,AGLL,18.7205,2.1444,6.2402,50.4816,1.8358,9.1711,28034.8,1.1458,10.2412,1.9525977538024004
8052,2012,AGLL,18.7205,2.1444,6.2402,50.4816,1.9054,9.1711,28291.184,1.1818,10.2503,1.9750031024327588
8053,2013,AGLL,20.682,2.1444,6.894,56.1108,1.8931,5.831,29929.1,0.9185,10.3066,0.9120542272501184
8054,2014,AGLL,20.682,2.1444,6.894,56.1108,1.9601,4.5096,36298.4,1.0819,10.4995,0.950685829229887
8055,2015,AGLL,20.682,2.1444,6.894,56.1108,1.913,6.7769,34498.5,2.0849,10.4487,1.0099989258966322
8056,2016,AGLL,27.8443,0.4228,9.2814,72.3359,1.7894,7.3571,30709.4,2.2213,10.3323,1.067529274883651
8057,2017,AGLL,27.8443,0.4228,9.2814,72.3359,1.7924,7.3305,32538.5,2.3079,10.3902,1.1273352414568798
8058,2018,AGLL,31.8077,0.7551,10.6026,72.3359,1.7737,5.1433,34092.1,1.8411,10.4368,1.2321391140301845
8059,2019,AGLL,31.9183,1.0873,10.6394,72.3359,1.8483,6.6064,39158.3,1.4148,10.5754,1.1298067182624905
8060,2020,AGLL,31.9183,1.0873,10.6394,72.3359,2.2269,4.8323,53136.8,0.6693,10.8806,1.062332800772832
8061,2021,AGLL,32.7834,1.0873,10.9278,72.3359,2.884,2.7071,74602.1,1.3277,11.2199,0.9567944914677624
8062,2022,AGLL,33.9201,1.933,11.3067,72.3359,3.1643,10.7454,97701.0,2.7851,11.4897,1.1360052322116636
8063,2023,AGLL,33.5882,1.933,11.1961,72.3359,2.8626,7.3607,73367.4,3.1051,11.2032,1.3276070976601415
8211,2003,MMTC,0.0,0.0,0.0,0.0,2.5314,1.7311,15708.0088,0.8699,9.6619,1.3285296370623862
8212,2004,MMTC,14.6335,0.1889,4.8778,41.8583,4.4496,1.8171,43551.3516,1.2975,10.6817,1.105645615380983
8213,2005,MMTC,15.6016,0.2397,5.2005,43.2941,7.1831,2.7872,63886.4883,2.7323,11.0649,1.0825917495774378
8214,2006,MMTC,16.5696,0.2906,5.5232,44.7299,5.9262,4.7418,37439.348,2.4593,10.5305,1.197393056305116
8215,2007,MMTC,11.4978,0.0,3.8326,34.407,3.9903,7.5112,38289.49,11.2079,10.5529,1.1653284417565737
8216,2008,MMTC,13.3991,0.0,4.4664,34.407,5.9606,4.0719,93400.05,89.9559,11.4446,1.781385564964849
8217,2009,MMTC,20.6418,0.0,6.8806,51.9266,7.7215,2.0329,106900.62,51.1235,11.5797,2.0286489623156747
8218,2010,MMTC,20.6418,0.0,6.8806,51.9266,7.7467,2.185,121765.9,100.1669,11.7099,2.1392768242422435
8219,2011,MMTC,21.5672,0.0,7.1891,54.696,10.1911,0.1632,197797.65,59.5017,12.195,1.0475684185468723
8220,2012,MMTC,24.7963,0.0,8.2654,60.2348,9.3822,0.2786,108351.87,46.2634,11.5931,1.0988870775368036
8221,2013,MMTC,23.559,0.0,7.853,57.4654,5.5614,-0.7048,68972.61,13.301,11.1415,1.1534728832666556
8222,2014,MMTC,26.5768,2.4766,8.8589,57.4654,4.0633,-0.3038,50576.36,3.6651,10.8312,1.235702476247588
8223,2015,MMTC,25.1886,2.4766,8.3962,57.4654,4.0355,-0.748,63001.63,3.5549,11.0509,1.1551919121661862
8224,2016,MMTC,31.1639,2.4766,10.388,69.6267,3.9469,-2.0513,38893.7,3.0764,10.5686,1.2789288911427412
8225,2017,MMTC,32.1497,2.4766,10.7166,69.6267,4.0269,-0.6112,58477.96,5.1593,10.9764,1.16359413987526
8226,2018,MMTC,34.7953,0.3322,11.5984,75.5268,4.5852,0.6809,51724.5,4.6188,10.8537,1.2314137785291632
8227,2019,MMTC,30.6106,0.3322,10.2035,63.0042,3.8651,2.2763,43798.2,3.3104,10.6873,1.327129825425828
8228,2020,MMTC,30.8017,0.3322,10.2672,63.5762,5.0135,-5.4077,64102.5,2.0884,11.0682,1.125131151400989
8229,2021,MMTC,30.1076,0.7551,10.0359,61.0777,12.0871,-13.2829,54738.6,63.6906,10.9103,0.8858289151559754
8230,2022,MMTC,28.2064,0.7551,9.4021,61.0777,12.0871,-5.116,47833.9,63.6906,10.7755,0.8908841417277102
8231,2023,MMTC,29.0413,0.7551,9.6804,63.5762,6.6958,36.9274,36779.1,2.9644,10.5127,1.4830738562563142
8253,2003,TRPC,0.0,0.0,0.0,0.0,2.8689,1.0287,356.252,1.2464,5.8756,0.529442899103911
8254,2004,TRPC,12.7438,-15.6515,4.2479,48.262,2.7959,1.62,1300.6899,1.3242,7.1707,0.7032057717161365
8255,2005,TRPC,14.0744,-13.8622,4.6915,49.9985,2.7229,2.2112,2245.1279,1.402,7.7165,0.8500160593098856
8256,2006,TRPC,15.4049,-12.073,5.135,51.7349,2.6499,2.8024,3189.5658,1.4798,8.0676,0.9756933427044422
8257,2007,TRPC,16.7354,-10.2837,5.5785,53.4713,2.5769,3.3937,4134.0038,1.5576,8.327,1.0844943551242987
8258,2008,TRPC,18.0659,-8.4944,6.022,55.2077,2.5039,3.9849,6023.2448,2.2438,8.7034,5.245393009219048
8259,2009,TRPC,23.4182,2.1444,7.8061,60.596,2.2016,5.2565,6648.1701,0.806,8.8021,2.622628324662562
8260,2010,TRPC,24.2732,2.1444,8.0911,60.596,2.2596,5.8111,7709.9323,2.1984,8.9503,2.671824546339898
8261,2011,TRPC,22.6537,0.4228,7.5512,57.4654,2.3678,6.4151,7920.0262,2.1504,8.9771,1.2189639063158946
8262,2012,TRPC,22.6537,0.4228,7.5512,57.4654,2.3677,7.145,8736.5163,1.1496,9.0753,1.1583022472565434
8263,2013,TRPC,24.5046,0.4228,8.1682,63.0042,2.2554,7.561,9650.4327,0.9274,9.1748,1.193101350946016
8264,2014,TRPC,22.6537,0.4228,7.5512,57.4654,2.1185,7.286,10008.9054,1.6514,9.2112,1.1384150320780346
8265,2015,TRPC,24.5046,0.4228,8.1682,63.0042,1.9238,7.6124,11373.9673,3.1781,9.3391,1.3756849004834422
8266,2016,TRPC,28.8804,0.4228,9.6268,76.0987,1.8367,7.9438,10584.238,3.7251,9.2671,1.1274032540119086
8267,2017,TRPC,28.8804,0.4228,9.6268,76.0987,1.8729,7.054,12294.398,2.7649,9.4169,1.205486382152619
8268,2018,TRPC,29.2224,0.4228,9.7408,76.0987,1.8655,9.4259,13977.497,2.7182,9.5452,1.2965682052005865
8269,2019,TRPC,30.2082,0.4228,10.0694,78.5972,1.8224,9.5829,16159.559,2.7911,9.6903,1.4127097734739529
8270,2020,TRPC,30.5603,1.2685,10.1868,78.5972,1.7221,8.6299,16833.251,1.411,9.7311,1.5035200858583444
8271,2021,TRPC,31.5662,3.2619,10.5221,78.5972,1.5601,8.5989,17388.029,1.6884,9.7635,1.8073216287440736
8272,2022,TRPC,40.3782,28.6922,13.4594,78.5972,1.3715,16.2435,18270.295,3.239,9.813,2.850106708569371
8273,2023,TRPC,41.3037,28.6922,13.7679,78.5972,1.2541,16.1578,21009.16,2.857,9.9527,3.853948574281179
8274,2003,GPPV,0.0,0.0,0.0,0.0,0.99,12.4171,12327.1223,6.7503,9.4196,-6.019174811083356
8275,2004,GPPV,-1.1069,-41.2368,-0.369,70.4923,1.0029,12.2361,13307.4719,6.4456,9.4961,-4.453929044550337
8276,2005,GPPV,1.9503,-37.1912,0.6501,71.2228,1.0158,12.0552,14287.8215,6.1409,9.5672,-3.1907129311718148
8277,2006,GPPV,5.0075,-33.1456,1.6692,71.9533,1.0287,11.8742,15268.171,5.8363,9.6335,-2.149798877442834
8278,2007,GPPV,8.0647,-29.1,2.6882,72.6837,1.0416,11.6933,16248.5206,5.5316,9.6958,-1.277251790107217
8279,2008,GPPV,11.1219,-25.0543,3.7073,73.4142,1.0545,11.5123,17228.8702,5.2269,9.7543,-0.5352780915242872
8280,2009,GPPV,14.1792,-21.0087,4.7264,74.1447,1.0674,11.3313,18209.2198,4.9223,9.8097,0.1033914577522428
8281,2010,GPPV,17.2364,-16.9631,5.7455,74.8752,1.0803,11.1504,19189.5693,4.6176,9.8621,0.6589272235219341
8282,2011,GPPV,20.2936,-12.9175,6.7645,75.6057,1.0932,10.9694,18666.28,2.1769,9.8345,1.8038531063350127
8283,2012,GPPV,23.3508,-8.8719,7.7836,76.3362,1.1061,10.7885,19905.19,6.5344,9.8987,1.9953838241763688
8284,2013,GPPV,30.2786,2.084,10.0929,78.5972,1.1243,10.4361,23692.07,4.0883,10.0729,1.5724271704187334
8285,2014,GPPV,30.2786,2.084,10.0929,78.5972,1.145,11.6562,24733.96,3.7257,10.1159,1.6725516980324713
8286,2015,GPPV,32.3911,2.084,10.797,78.5972,1.1459,8.9674,24558.63,3.254,10.1088,2.24018968147481
8287,2016,GPPV,34.413,2.9296,11.471,78.5972,1.148,9.4643,25456.83,2.189,10.1447,2.7427254018287446
8288,2017,GPPV,34.413,2.9296,11.471,78.5972,1.1536,12.3461,26291.18,1.2729,10.177,3.861284692294432
8289,2018,GPPV,34.413,2.9296,11.471,78.5972,1.1658,8.4103,26489.99,2.0953,10.1845,3.594396790946788
8290,2019,GPPV,46.8263,29.0547,15.6088,78.5972,1.2006,7.3332,27328.02,1.6463,10.2157,3.8705515904121457
8291,2020,GPPV,52.3589,29.0547,17.453,84.8585,1.2301,11.1795,28692.77,2.4363,10.2644,3.635154172853148
8292,2021,GPPV,52.3589,29.0547,17.453,84.8585,1.1319,10.4265,21150.2685,4.0083,9.9594,1.5780467363955148
8293,2022,GPPV,29.4652,-0.7807,9.8217,77.7971,1.1448,10.2456,22130.6181,3.7036,10.0047,1.9625347792635368
8294,2023,GPPV,32.5224,3.2649,10.8408,78.5276,1.1577,10.0646,23110.9676,3.3989,10.0481,2.3073130640933166
8400,2003,SCI,0.0,0.0,0.0,0.0,3.6252,-15.6555,217890.2636,-0.1691,12.2917,0.4333170197526026
8401,2004,SCI,-1.2158,-26.6168,-0.4053,34.1427,3.5193,-14.4496,212528.4455,-0.1256,12.2668,0.441104781337935
8402,2005,SCI,0.7865,-24.5398,0.2622,35.987,3.4134,-13.2437,207166.6273,-0.0822,12.2413,0.4494844969516967
8403,2006,SCI,2.7888,-22.4629,0.9296,37.8313,3.3075,-12.0378,201804.8091,-0.0387,12.2151,0.458526328167114
8404,2007,SCI,4.7911,-20.386,1.597,39.6755,3.2016,-10.8319,196442.9909,0.0048,12.1881,0.4683119761350343
8405,2008,SCI,6.7934,-18.3091,2.2645,41.5198,3.0957,-9.626,191081.1727,0.0482,12.1605,0.4789371634703869
8406,2009,SCI,8.7958,-16.2322,2.9319,43.3641,2.9898,-8.4201,185719.3545,0.0917,12.132,0.4905147706599938
8407,2010,SCI,10.7981,-14.1552,3.5994,45.2084,2.8839,-7.2142,180357.5364,0.1352,12.1027,0.5031788692222977
8408,2011,SCI,12.8004,-12.0783,4.2668,47.0526,2.778,-6.0083,174995.7182,0.1786,12.0725,0.517089924723153
8409,2012,SCI,14.8027,-10.0014,4.9342,48.8969,2.6721,-4.8024,169633.9,0.2221,12.0414,0.5324416481876892
8410,2013,SCI,16.805,-7.9245,5.6017,50.7412,2.5662,-3.5965,160962.0,0.2834,11.9889,1.0588029180987475
8411,2014,SCI,18.8073,-5.8476,6.2691,52.5854,2.497,-1.698,162547.7,0.3049,11.9987,0.3338723820202107
8412,2015,SCI,24.3939,0.4228,8.1313,60.2348,2.497,-1.698,147585.0,0.4518,11.9022,0.903484875048888
8413,2016,SCI,18.7808,0.4228,6.2603,42.8055,2.1565,1.2446,145485.5,0.5179,11.8878,0.6668494833600246
8414,2017,SCI,28.2869,0.4228,9.429,66.0747,2.0563,2.1098,145062.4,0.413,11.8849,0.7136509182939867
8415,2018,SCI,27.452,0.4228,9.1507,63.5762,2.0018,-0.4342,143566.9,0.2451,11.8746,0.5995836394807739
8416,2019,SCI,22.8951,1.0873,7.6317,49.2775,1.9278,2.38,139186.0,0.2334,11.8436,0.531435936176744
8417,2020,SCI,30.1781,1.0873,10.0594,71.0716,1.7456,5.0956,134026.6,0.6313,11.8058,0.9477039976290832
8418,2021,SCI,31.9586,1.0873,10.6529,71.0716,1.7156,7.0939,108587.1,0.8994,11.5953,0.8075359339812281
8419,2022,SCI,37.7125,17.9402,12.5708,66.0747,1.732,7.8035,114429.8,0.6317,11.6477,0.9635236478500978
8420,2023,SCI,37.7125,17.9402,12.5708,66.0747,2.3543,-1.1847,158910.2636,0.3091,11.9761,0.5684657115045171
8442,2003,VRLL,0.0,0.0,0.0,0.0,8.0436,4.7971,2360.6818,6.4602,7.7667,1.452574968533778
8443,2004,VRLL,-1.6694,-20.6277,-0.5565,25.872,7.6798,5.1191,2958.597,6.3699,7.9925,1.226160749454151
8444,2005,VRLL,0.634,-18.6777,0.2113,28.9694,7.3161,5.441,3556.5122,6.2796,8.1765,1.095552943848965
8445,2006,VRLL,2.9374,-16.7277,0.9791,32.0669,6.9523,5.763,2565.72,6.1893,7.85,1.3621575079184476
8446,2007,VRLL,5.2408,-14.7777,1.7469,35.1643,6.9817,20.631,5702.62,6.099,8.6487,2.6764678399003268
8447,2008,VRLL,7.5442,-12.8277,2.5147,38.2617,6.1086,1.315,6300.33,6.0087,8.7484,2.755223880597015
8448,2009,VRLL,9.8476,-10.8777,3.2825,41.3591,6.0423,0.2001,6166.21,5.9184,8.7268,3.8104756847924537
8449,2010,VRLL,12.151,-8.9277,4.0503,44.4566,5.7766,5.0459,6136.01,5.8282,8.7219,2.487187816482907
8450,2011,VRLL,17.2216,0.0,5.7405,42.1734,5.554,7.6645,7345.33,5.7379,8.9018,0.4669704239833873
8451,2012,VRLL,21.0743,0.4228,7.0248,55.8399,5.1949,9.2056,9323.3,5.6476,9.1403,0.5136575768667644
8452,2013,VRLL,14.2742,0.4228,4.7581,38.0494,5.181,4.8172,9651.81,5.5573,9.1749,0.4757219393255818
8453,2014,VRLL,18.5494,0.4228,6.1831,50.8429,4.0032,5.8689,9776.819,5.467,9.1878,0.4015986217520365
8454,2015,VRLL,19.3844,0.4228,6.4615,53.3414,2.914,9.4493,9531.065,5.3767,9.1623,0.4997179640212499
8455,2016,VRLL,29.6047,0.4228,9.8682,78.5972,2.1808,10.7886,9435.919,6.5527,9.1523,0.7236625312699708
8456,2017,VRLL,29.6047,0.4228,9.8682,78.5972,1.7447,7.6589,8966.795,5.2641,9.1013,0.8015571730382884
8457,2018,VRLL,33.0852,0.4228,11.0284,78.5972,1.5505,10.525,8622.622,5.8633,9.0621,1.0722408487001776
8458,2019,VRLL,33.5379,0.7551,11.1793,78.5972,1.4849,9.9904,9778.197,3.9609,9.1879,1.3857551196020073
8459,2020,VRLL,33.5379,0.7551,11.1793,78.5972,1.7445,8.181,12252.051,2.2613,9.4134,0.7178836439128071
8460,2021,VRLL,33.8497,1.2383,11.2832,78.5972,1.9965,3.7188,11985.838,3.433,9.3915,0.6834673271217144
8461,2022,VRLL,33.9604,1.5705,11.3201,78.5972,2.0651,12.4173,13802.819,6.7014,9.5326,0.6451625189685913
8462,2023,VRLL,46.1523,34.5515,15.3841,78.5972,2.0105,19.7555,18917.261,5.727,9.8478,0.9108696639173958
8799,2003,NSE,0.0,0.0,0.0,0.0,4.4502,21.7895,351.8636,0.5852,5.8632,0.4147459088819619
8800,2004,NSE,10.3306,15.4959,3.4435,44.6429,3.0422,4.7887,324.4012,1.4013,5.782,0.5196876115939433
8801,2005,NSE,10.3306,15.4959,3.4435,44.6429,2.8198,15.6868,469.2167,3.4188,6.1511,0.6834751384948481
8802,2006,NSE,10.3306,15.4959,3.4435,44.6429,2.8198,15.6868,3135.482,2.8674,8.0505,0.4907064737920253
8803,2007,NSE,10.3306,15.4959,3.4435,44.6429,2.8198,15.6868,4471.207,2.9634,8.4054,6.804757135342734
8804,2008,NSE,10.3306,15.4959,3.4435,44.6429,1.252,16.0821,5605.164,2.6058,8.6314,8.703027917693
8805,2009,NSE,10.3306,15.4959,3.4435,44.6429,1.2641,18.0316,6762.514,3.9924,8.8191,8.74871251773841
8806,2010,NSE,10.3306,15.4959,3.4435,44.6429,1.2425,19.0067,8405.638,3.126,9.0367,3.264832838585863
8807,2011,NSE,10.3306,15.4959,3.4435,44.6429,1.2229,18.1396,10332.361,3.8884,9.243,1.9327146208877148
8808,2012,NSE,10.3306,15.4959,3.4435,44.6429,1.1901,16.1287,11829.078,3.8375,9.3783,0.909679763117726
8809,2013,NSE,10.3306,15.4959,3.4435,44.6429,1.1604,14.2538,13487.339,2.9054,9.5095,0.775539123717029
8810,2014,NSE,10.3306,15.4959,3.4435,44.6429,1.1703,15.8116,16097.289,2.5389,9.6864,1.0992454157645182
8811,2015,NSE,10.3306,15.4959,3.4435,44.6429,1.1887,10.0512,18218.132,2.4245,9.8102,1.7279102841783878
8812,2016,NSE,10.3306,15.4959,3.4435,44.6429,1.1756,9.9731,19718.188,2.293,9.8893,3.7333241520421816
8813,2017,NSE,10.3306,15.4959,3.4435,44.6429,1.1562,13.7271,22626.81,1.8567,10.0269,4.698450442870665
8814,2018,NSE,10.3306,15.4959,3.4435,44.6429,3.0254,16.2133,-314.6092,2.4961,5.7513,2.6607994304761484
8815,2019,NSE,10.3306,15.4959,3.4435,44.6429,2.832,16.0094,1313.7666,2.5324,7.1807,2.6714995421264707
8816,2020,NSE,10.3306,15.4959,3.4435,44.6429,2.6386,15.8054,2942.1424,2.5686,7.9869,2.6788459762384584
8817,2021,NSE,10.3306,15.4959,3.4435,44.6429,2.4452,15.6015,4570.5182,2.6049,8.4274,2.684201809254603
8818,2022,NSE,10.3306,15.4959,3.4435,44.6429,2.2518,15.3975,6198.894,2.6411,8.7321,2.6882800562175064
8819,2023,NSE,10.3306,15.4959,3.4435,44.6429,2.0584,15.1936,7827.2698,2.6774,8.9654,2.6914884123556435
8988,2003,HGSL,0.0,0.0,0.0,0.0,1.2774,-4.2963,-22785.6487,0.5787,10.0339,2.349692187922581
8989,2004,HGSL,7.9731,-2.5319,2.6577,51.839,1.3081,-2.9936,-18218.1887,0.5961,9.8102,2.3191352448558145
8990,2005,HGSL,9.3508,-2.2908,3.1169,53.2503,1.3387,-1.6909,-13650.7286,0.6136,9.5215,2.261689938007015
8991,2006,HGSL,10.7285,-2.0497,3.5762,54.6617,1.3693,-0.3882,-9083.2686,0.631,9.1142,2.1139839016209008
8992,2007,HGSL,12.1062,-1.8086,4.0354,56.073,1.4,0.9146,10213.6357,0.6485,9.2315,2.4612882567496146
8993,2008,HGSL,13.4839,-1.5675,4.4946,57.4843,1.3621,9.0125,9185.0322,0.8971,9.1253,3.9508689073426217
8994,2009,HGSL,14.8616,-1.3264,4.9539,58.8957,1.244,8.9099,11862.314,0.2286,9.3811,5.272487933304081
8995,2010,HGSL,16.2394,-1.0853,5.4131,60.307,1.2557,10.8827,12048.3008,0.9608,9.3967,4.097639677379842
8996,2011,HGSL,17.6171,-0.8442,5.8724,61.7183,1.3148,8.381,13562.207,0.7606,9.515,5.1834179967124445
8997,2012,HGSL,18.9948,-0.6031,6.3316,63.1297,1.6336,6.0483,21512.121,0.5828,9.9764,1.842864629828055
8998,2013,HGSL,22.1004,0.0,7.3668,66.1349,1.7693,4.295,20662.694,0.46,9.9361,2.231954218541114
8999,2014,HGSL,17.9157,0.0,5.9719,53.6123,1.6729,7.5423,24297.27,0.7844,10.0981,2.4104252128985357
9000,2015,HGSL,21.0542,0.0,7.0181,63.0042,1.7824,7.3297,20732.376,1.0921,9.9395,2.5973706807911947
9001,2016,HGSL,25.43,0.0,8.4767,76.0987,2.0034,4.4507,24598.69,0.6654,10.1104,1.877426176470978
9002,2017,HGSL,25.43,0.0,8.4767,76.0987,1.9554,7.2571,24789.729,0.904,10.1182,1.7292503799137469
9003,2018,HGSL,31.013,1.2383,10.3377,76.0987,1.7877,7.522,26279.909,1.1086,10.1766,1.6126250768155193
9004,2019,HGSL,31.013,1.2383,10.3377,76.0987,1.7693,6.3317,29685.643,0.784,10.2984,1.9902996742695052
9005,2020,HGSL,29.9869,0.7551,9.9956,76.0987,2.0934,5.7368,40717.651,0.6129,10.6144,1.8772231081929491
9006,2021,HGSL,31.3952,2.084,10.4651,76.0987,2.2124,7.9854,43448.984,1.7286,10.6793,2.13039177598784
9007,2022,HGSL,32.7834,2.084,10.9278,76.0987,1.4213,86.8126,97165.467,0.5479,11.4842,3.691186637419663
9008,2023,HGSL,33.6385,2.084,11.2128,76.0987,1.2876,3.306,113643.796,0.6315,11.6408,2.6868119286255308
9198,2003,GRFL,0.0,0.0,0.0,0.0,1.3323,-2.0201,-20932.0299,7.5993,9.949,-0.1359193052917269
9199,2004,GRFL,28.7194,0.0,9.5731,82.36,1.3447,-1.4718,-18583.1782,7.3065,9.83,-0.1797710667212856
9200,2005,GRFL,28.7194,0.0,9.5731,82.36,1.3572,-0.9235,-16234.3264,7.0137,9.6949,-0.2330361419786609
9201,2006,GRFL,28.7194,0.0,9.5731,82.36,1.3696,-0.3753,-13885.4747,6.7209,9.5386,-0.2991100415897172
9202,2007,GRFL,28.7194,0.0,9.5731,82.36,1.3821,0.173,-11536.6229,6.4281,9.3533,-0.3832444952831706
9203,2008,GRFL,28.7194,0.0,9.5731,82.36,1.3945,0.7213,-9187.7712,6.1353,9.1256,-0.4940166361625341
9204,2009,GRFL,28.7194,0.0,9.5731,82.36,1.407,1.2696,-6838.9194,5.8425,8.8304,-0.646456407902788
9205,2010,GRFL,28.7194,0.0,9.5731,82.36,1.4194,1.8179,-4490.0677,5.5497,8.4096,-0.869520177873907
9206,2011,GRFL,28.7194,0.0,9.5731,82.36,1.4318,2.3662,-2141.2159,5.2569,7.6691,-1.2270838538464977
9207,2012,GRFL,28.7194,0.0,9.5731,82.36,1.4443,2.9145,207.6358,4.9641,5.3358,-1.8932990519042263
9208,2013,GRFL,28.7194,0.0,9.5731,82.36,1.4567,3.4628,2556.4876,4.6713,7.8464,-3.5712770641619436
9209,2014,GRFL,28.7194,0.0,9.5731,82.36,1.4692,4.0111,4905.3393,4.3785,8.4981,-15.837889378956666
9210,2015,GRFL,28.7194,0.0,9.5731,82.36,1.4816,4.5594,9471.7279,4.0857,9.1561,2.406101969246631
9211,2016,GRFL,28.7194,0.0,9.5731,82.36,1.3868,5.1416,10612.2028,3.7929,9.2698,3.2992876515538376
9212,2017,GRFL,28.7194,0.0,9.5731,82.36,1.6237,3.5133,12103.7734,3.5001,9.4013,4.188271567686796
9213,2018,GRFL,28.7194,0.0,9.5731,82.36,1.5061,7.3001,10685.1303,3.2073,9.2766,2.077901650712546
9214,2019,GRFL,28.7194,0.0,9.5731,82.36,1.3629,11.181,9227.8331,2.9145,9.13,0.9237574070931156
9215,2020,GRFL,28.7194,0.0,9.5731,82.36,1.6932,6.1209,24365.648,2.6217,10.1009,1.2326857697743654
9216,2021,GRFL,28.7194,0.0,9.5731,82.36,1.7326,3.9012,23996.423,2.3289,10.0857,1.2343372057835025
9217,2022,GRFL,28.7194,0.0,9.5731,82.36,1.5538,9.2587,24345.768,2.0361,10.1001,0.9923303272910085
9218,2023,GRFL,28.7194,0.0,9.5731,82.36,1.4418,9.7968,25037.876,1.7433,10.1281,0.7448466431419977
10647,2003,BFUT,0.0,0.0,0.0,0.0,2.2873,0.1679,6281.2754,0.1892,8.7453,1.2707890819431944
10648,2004,BFUT,10.2023,-0.5148,3.4008,42.2173,2.6124,2.7985,6946.2051,0.39,8.846,1.5646159659498655
10649,2005,BFUT,11.3873,-0.4522,3.7958,44.3658,2.1199,30.267,8738.4268,3.5248,9.0755,2.072700498332639
10650,2006,BFUT,12.5723,-0.3895,4.1908,46.5143,1.7218,8.787,8727.2637,12.5538,9.0742,1.078942310444807
10651,2007,BFUT,13.7573,-0.3269,4.5858,48.6628,1.6157,11.5949,10125.8447,14.2613,9.2228,1.3630319509613555
10652,2008,BFUT,14.9424,-0.2643,4.9808,50.8113,1.5859,11.3104,11665.2754,6.4927,9.3644,2.065451422432455
10653,2009,BFUT,18.2778,0.0,6.0926,54.696,3.5503,-1.0469,18390.795,31.6851,9.8196,3.0528832223622877
10654,2010,BFUT,18.2778,0.0,6.0926,54.696,19.9144,-5.1509,16639.3857,58.7485,9.7195,1.04749412848718
10655,2011,BFUT,18.2778,0.0,6.0926,54.696,19.9144,-5.5068,20939.2199,58.7485,9.9494,4.586124027670974
10656,2012,BFUT,18.2778,0.0,6.0926,54.696,19.9144,-2.351,20395.7169,58.7485,9.9231,2.3983610942215714
10657,2013,BFUT,18.2778,0.0,6.0926,54.696,19.9144,-2.2542,22559.4506,58.7485,10.0239,2.130634338759786
10658,2014,BFUT,18.2778,0.0,6.0926,54.696,19.9144,-2.3112,22498.9257,58.7485,10.0212,1.2460937911711598
10659,2015,BFUT,23.2673,0.0,7.7558,69.6267,19.9144,2.7399,22368.6427,58.7485,10.0154,1.6870035311632154
10660,2016,BFUT,26.265,0.0,8.755,78.5972,19.9144,0.1373,22387.9698,58.7485,10.0163,1.712114366843015
10661,2017,BFUT,26.265,0.0,8.755,78.5972,19.9144,0.1617,18740.488,58.7485,9.8384,1.8698518409059772
10662,2018,BFUT,29.2023,0.4228,9.7341,78.5972,19.9144,1.294,18419.14,58.7485,9.8211,1.7566053817119205
10663,2019,BFUT,29.2023,0.4228,9.7341,78.5972,19.9144,1.9988,20005.72,58.7485,9.9038,1.825686680037701
10664,2020,BFUT,28.6792,0.4228,9.5597,78.5972,19.9144,0.9458,21707.15,58.7485,9.9854,1.6102263202011735
10665,2021,BFUT,31.2242,0.7551,10.4081,78.5972,19.9144,-0.1143,21494.69,58.7485,9.9756,1.665719158612848
10666,2022,BFUT,31.2242,0.7551,10.4081,78.5972,19.9144,2.3635,21514.75,58.7485,9.9765,1.4391311370985684
10667,2023,BFUT,32.6225,0.7551,10.8742,78.5972,19.9144,5.6701,22368.786,58.7485,10.0154,1.307975377139966
11319,2003,SJET,0.0,0.0,0.0,0.0,,-4.9516,-74792.8551,,11.2225,0.2461205848300503
11320,2004,SJET,-5.1316,-2.029,-1.7105,10.529,0.451996954,-5.0921,-65878.7458,-5.27,11.0956,0.2443201906555238
11321,2005,SJET,-2.9386,-1.8352,-0.9795,14.5876,1.052243154,-5.2326,-56964.6365,-29.92,10.9502,0.2420263741566513
11322,2006,SJET,-0.7456,-1.6413,-0.2485,18.6462,3.052186178,-5.3731,-48050.5272,-94.0,10.78,0.2390040812175633
11323,2007,SJET,1.4475,-1.4475,0.4825,22.7048,5.418159152,-5.5136,-39136.4179,5.84,10.5748,0.2348407822194632
11324,2008,SJET,3.6405,-1.2537,1.2135,26.7634,5.656679825,-5.6541,-30222.3085,35.11,10.3163,0.2287399747313329
11325,2009,SJET,5.8335,-1.0598,1.9445,30.822,3.222056261,-5.7946,-21308.1992,-0.75,9.9668,0.2189390031492652
11326,2010,SJET,8.0265,-0.866,2.6755,34.8807,4.08901108,-5.9351,-12394.0899,-4.05,9.425,0.2006064851925467
11327,2011,SJET,10.2196,-0.6721,3.4065,38.9393,2.737209532,-6.0756,-3479.9806,4.84,8.1548,0.1540176088740752
11328,2012,SJET,12.4126,-0.4783,4.1375,42.9979,4.463336731,-6.2161,5434.1287,-6.79,8.6005,-0.2056844016359216
11329,2013,SJET,14.6056,-0.2844,4.8685,47.0565,6.340476928,-6.3566,30710.1,-5.75,10.3323,0.4538970462496938
11330,2014,SJET,21.0542,0.0,7.0181,63.0042,5.482121507,-33.411,29344.67,-0.74,10.2869,0.180325623057063
11331,2015,SJET,15.9441,0.0,5.3147,47.7122,4.348302611,-24.7987,26065.9,-1.03,10.1684,0.2320814199547986
11332,2016,SJET,15.9441,0.0,5.3147,47.7122,4.748869797,16.496,28467.06,-3.69,10.2565,0.2591109247301507
11333,2017,SJET,15.9441,0.0,5.3147,47.7122,4.989406956,14.6375,29906.15,-10.01,10.3058,0.2879032591034611
11334,2018,SJET,29.9266,1.2383,9.9755,76.0987,6.87623655,15.8978,40192.53,-174.79,10.6014,0.303686987795055
11335,2019,SJET,34.242,1.2383,11.414,84.8585,7.995514573,-6.8544,48046.49,-16.72,10.7799,0.3804077150219103
11336,2020,SJET,32.2704,1.2383,10.7568,78.9585,21.60848554,-10.6035,128605.53,-1.4,11.7645,0.3384861884045318
11337,2021,SJET,35.6302,1.2383,11.8767,84.8585,18.92954371,-8.5072,113516.91,-1.62,11.6397,0.3328357724924825
11338,2022,SJET,35.7409,1.5705,11.9136,84.8585,15.81984048,-16.6848,95545.56,-0.76,11.4674,0.2515061027844469
11339,2023,SJET,34.3527,1.5705,11.4509,84.8585,17.08028579,-17.4653,77705.731,-0.56,11.2607,0.2182819502500465
11655,2003,RIIL,0.0,0.0,0.0,0.0,1.7315,12.7165,2053.9035,4.9145,7.6275,0.9442875038867206
11656,2004,RIIL,5.22,-5.2839,1.74,43.3601,1.6946,12.1537,2181.0373,4.7331,7.6876,0.9870605861587356
11657,2005,RIIL,7.0091,-4.6345,2.3364,45.6146,1.6577,11.5909,2308.171,4.5517,7.7442,1.034497782083549
11658,2006,RIIL,8.7982,-3.9852,2.9327,47.8691,1.6208,11.0281,2435.3048,4.3703,7.7978,1.087405979270475
11659,2007,RIIL,10.5873,-3.3359,3.5291,50.1236,1.5839,10.4653,2562.4386,4.1889,7.8487,1.1467898074695315
11660,2008,RIIL,12.3763,-2.6866,4.1254,52.3781,1.547,9.9025,2689.5723,4.0075,7.8971,1.2139154676578867
11661,2009,RIIL,14.1654,-2.0373,4.7218,54.6326,1.5101,9.3397,4640.892,2.3163,8.4427,0.8612652110475962
11662,2010,RIIL,15.9545,-1.388,5.3182,56.8871,1.8709,6.3327,2299.465,6.7278,7.7404,7.386159710604028
11663,2011,RIIL,21.0542,0.0,7.0181,63.0042,1.2576,9.3849,2470.775,4.8222,7.8123,2.550173693489006
11664,2012,RIIL,20.1288,0.0,6.7096,60.2348,1.3235,8.6593,2982.779,3.0478,8.0006,1.143131143610645
11665,2013,RIIL,20.1288,0.0,6.7096,60.2348,1.3438,8.1264,3017.534,2.0261,8.0122,1.7645156332791234
11666,2014,RIIL,20.1288,0.0,6.7096,60.2348,1.2762,7.8549,3128.865,2.332,8.0484,2.200260012853243
11667,2015,RIIL,23.2673,0.0,7.7558,69.6267,1.2339,6.9611,3212.645,2.2698,8.0748,3.4159531335330233
11668,2016,RIIL,22.9152,0.0,7.6384,68.5731,1.1865,4.6968,3824.776,1.9933,8.2493,3.9752925072739904
11669,2017,RIIL,22.9152,0.0,7.6384,68.5731,1.1425,4.4393,3842.466,2.02,8.2539,2.1299861179873996
11670,2018,RIIL,33.0148,0.4228,11.0049,81.0957,1.1234,2.7797,3980.358,1.8485,8.2891,1.899946329536645
11671,2019,RIIL,37.6622,11.8695,12.5541,83.5942,1.115,2.3059,4100.228,1.3292,8.3188,2.5683221035932124
11672,2020,RIIL,39.0504,11.8695,13.0168,83.5942,1.1126,2.3553,4143.698,0.8344,8.3293,2.59601523801879
11673,2021,RIIL,39.1812,11.8695,13.0604,83.5942,1.1032,2.2363,4486.075,1.3362,8.4087,4.141713827815897
11674,2022,RIIL,39.1812,11.8695,13.0604,83.5942,1.0852,1.8176,4704.138,2.7022,8.4562,7.809181332933182
11675,2023,RIIL,36.2941,0.4228,12.098,83.5942,1.0933,3.7108,4764.942,2.7381,8.469,6.4100223930279006
